proj	ts	deg	stage	art	seq	rid	pass	cls	esc	rat
assistente-pessoal	2026-09-04T19:36:00Z	0	code-review	data-export-phase-1-the-dump-and-its-guard	1	R-COH-CALLER-DRIFT	1	blocking	0	-
assistente-pessoal	2026-09-04T19:36:00Z	0	code-review	data-export-phase-1-the-dump-and-its-guard	1	R-COH-CONFIG-DANGLING	1	blocking	0	-
assistente-pessoal	2026-09-04T19:36:00Z	0	code-review	data-export-phase-1-the-dump-and-its-guard	1	R-COH-DEAD-IMPORT	1	blocking	0	-
assistente-pessoal	2026-09-04T19:36:00Z	0	code-review	data-export-phase-1-the-dump-and-its-guard	1	R-COH-REGISTRY-MISSING	1	blocking	0	-
assistente-pessoal	2026-09-04T19:36:00Z	0	code-review	data-export-phase-1-the-dump-and-its-guard	1	R-COH-TASK-CONTRADICTION	1	blocking	0	-
assistente-pessoal	2026-09-04T19:36:00Z	0	code-review	data-export-phase-1-the-dump-and-its-guard	1	R-L1	1	blocking	0	-
assistente-pessoal	2026-09-04T19:36:00Z	0	code-review	data-export-phase-1-the-dump-and-its-guard	1	R-L2	1	blocking	0	-
assistente-pessoal	2026-09-04T19:36:00Z	0	code-review	data-export-phase-1-the-dump-and-its-guard	1	R-L3	1	blocking	0	-
assistente-pessoal	2026-09-04T19:36:00Z	0	code-review	data-export-phase-1-the-dump-and-its-guard	1	R-S1	1	blocking	0	-
assistente-pessoal	2026-09-04T19:36:00Z	0	code-review	data-export-phase-1-the-dump-and-its-guard	1	R-S2	1	blocking	0	-
assistente-pessoal	2026-09-04T19:36:00Z	0	code-review	data-export-phase-1-the-dump-and-its-guard	1	R-S3	1	blocking	0	-
assistente-pessoal	2026-09-04T19:36:00Z	0	code-review	data-export-phase-1-the-dump-and-its-guard	1	R-SEM	1	blocking	0	-
assistente-pessoal	2026-09-04T19:36:00Z	0	code-review	data-export-phase-1-the-dump-and-its-guard	1	R-X	1	blocking	0	-
assistente-pessoal	2026-09-04T20:24:00Z	0	code-review	data-export-phase-2-the-calendar-file	1	R-COH-CALLER-DRIFT	1	blocking	0	-
assistente-pessoal	2026-09-04T20:24:00Z	0	code-review	data-export-phase-2-the-calendar-file	1	R-COH-CONFIG-DANGLING	1	blocking	0	-
assistente-pessoal	2026-09-04T20:24:00Z	0	code-review	data-export-phase-2-the-calendar-file	1	R-COH-DEAD-IMPORT	1	blocking	0	-
assistente-pessoal	2026-09-04T20:24:00Z	0	code-review	data-export-phase-2-the-calendar-file	1	R-COH-REGISTRY-MISSING	1	blocking	0	-
assistente-pessoal	2026-09-04T20:24:00Z	0	code-review	data-export-phase-2-the-calendar-file	1	R-COH-TASK-CONTRADICTION	1	blocking	0	-
assistente-pessoal	2026-09-04T20:24:00Z	0	code-review	data-export-phase-2-the-calendar-file	1	R-L1	1	blocking	0	-
assistente-pessoal	2026-09-04T20:24:00Z	0	code-review	data-export-phase-2-the-calendar-file	1	R-L2	1	blocking	0	-
assistente-pessoal	2026-09-04T20:24:00Z	0	code-review	data-export-phase-2-the-calendar-file	1	R-L3	1	blocking	0	-
assistente-pessoal	2026-09-04T20:24:00Z	0	code-review	data-export-phase-2-the-calendar-file	1	R-S1	1	blocking	0	-
assistente-pessoal	2026-09-04T20:24:00Z	0	code-review	data-export-phase-2-the-calendar-file	1	R-S2	1	blocking	0	-
assistente-pessoal	2026-09-04T20:24:00Z	0	code-review	data-export-phase-2-the-calendar-file	1	R-S3	1	blocking	0	-
assistente-pessoal	2026-09-04T20:24:00Z	0	code-review	data-export-phase-2-the-calendar-file	1	R-SEM	1	blocking	0	-
assistente-pessoal	2026-09-04T20:24:00Z	0	code-review	data-export-phase-2-the-calendar-file	1	R-X	1	blocking	0	-
assistente-pessoal	2026-09-05T11:40:00Z	0	code-review	data-export-phase-3-the-button	1	R-COH-CALLER-DRIFT	1	blocking	0	-
assistente-pessoal	2026-09-05T11:40:00Z	0	code-review	data-export-phase-3-the-button	1	R-COH-CONFIG-DANGLING	1	blocking	0	-
assistente-pessoal	2026-09-05T11:40:00Z	0	code-review	data-export-phase-3-the-button	1	R-COH-DEAD-IMPORT	1	blocking	0	-
assistente-pessoal	2026-09-05T11:40:00Z	0	code-review	data-export-phase-3-the-button	1	R-COH-REGISTRY-MISSING	1	blocking	0	-
assistente-pessoal	2026-09-05T11:40:00Z	0	code-review	data-export-phase-3-the-button	1	R-COH-TASK-CONTRADICTION	1	blocking	0	-
assistente-pessoal	2026-09-05T11:40:00Z	0	code-review	data-export-phase-3-the-button	1	R-L1	1	blocking	0	-
assistente-pessoal	2026-09-05T11:40:00Z	0	code-review	data-export-phase-3-the-button	1	R-L2	1	blocking	0	-
assistente-pessoal	2026-09-05T11:40:00Z	0	code-review	data-export-phase-3-the-button	1	R-L3	0	blocking	0	-
assistente-pessoal	2026-09-05T11:40:00Z	0	code-review	data-export-phase-3-the-button	1	R-S1	1	blocking	0	-
assistente-pessoal	2026-09-05T11:40:00Z	0	code-review	data-export-phase-3-the-button	1	R-S2	1	blocking	0	-
assistente-pessoal	2026-09-05T11:40:00Z	0	code-review	data-export-phase-3-the-button	1	R-S3	1	blocking	0	-
assistente-pessoal	2026-09-05T11:40:00Z	0	code-review	data-export-phase-3-the-button	1	R-SEM	1	blocking	0	-
assistente-pessoal	2026-09-05T11:40:00Z	0	code-review	data-export-phase-3-the-button	1	R-X	1	blocking	0	-
assistente-pessoal	2026-09-05T11:55:00Z	0	code-review	data-export-phase-3-the-button	2	R-COH-CALLER-DRIFT	1	blocking	0	-
assistente-pessoal	2026-09-05T11:55:00Z	0	code-review	data-export-phase-3-the-button	2	R-COH-CONFIG-DANGLING	1	blocking	0	-
assistente-pessoal	2026-09-05T11:55:00Z	0	code-review	data-export-phase-3-the-button	2	R-COH-DEAD-IMPORT	1	blocking	0	-
assistente-pessoal	2026-09-05T11:55:00Z	0	code-review	data-export-phase-3-the-button	2	R-COH-REGISTRY-MISSING	1	blocking	0	-
assistente-pessoal	2026-09-05T11:55:00Z	0	code-review	data-export-phase-3-the-button	2	R-COH-TASK-CONTRADICTION	1	blocking	0	-
assistente-pessoal	2026-09-05T11:55:00Z	0	code-review	data-export-phase-3-the-button	2	R-L1	1	blocking	0	-
assistente-pessoal	2026-09-05T11:55:00Z	0	code-review	data-export-phase-3-the-button	2	R-L2	1	blocking	0	-
assistente-pessoal	2026-09-05T11:55:00Z	0	code-review	data-export-phase-3-the-button	2	R-L3	1	blocking	0	-
assistente-pessoal	2026-09-05T11:55:00Z	0	code-review	data-export-phase-3-the-button	2	R-S1	1	blocking	0	-
assistente-pessoal	2026-09-05T11:55:00Z	0	code-review	data-export-phase-3-the-button	2	R-S2	1	blocking	0	-
assistente-pessoal	2026-09-05T11:55:00Z	0	code-review	data-export-phase-3-the-button	2	R-S3	1	blocking	0	-
assistente-pessoal	2026-09-05T11:55:00Z	0	code-review	data-export-phase-3-the-button	2	R-SEM	1	blocking	0	-
assistente-pessoal	2026-09-05T11:55:00Z	0	code-review	data-export-phase-3-the-button	2	R-X	1	blocking	0	-
assistente-pessoal	2026-09-07T02:29:50Z	0	code-review	data-export-phase-4-the-unattended-copy	1	R-COH-CALLER-DRIFT	1	blocking	0	-
assistente-pessoal	2026-09-07T02:29:50Z	0	code-review	data-export-phase-4-the-unattended-copy	1	R-COH-CONFIG-DANGLING	1	blocking	0	-
assistente-pessoal	2026-09-07T02:29:50Z	0	code-review	data-export-phase-4-the-unattended-copy	1	R-COH-DEAD-IMPORT	1	blocking	0	-
assistente-pessoal	2026-09-07T02:29:50Z	0	code-review	data-export-phase-4-the-unattended-copy	1	R-COH-REGISTRY-MISSING	1	blocking	0	-
assistente-pessoal	2026-09-07T02:29:50Z	0	code-review	data-export-phase-4-the-unattended-copy	1	R-COH-TASK-CONTRADICTION	1	blocking	0	-
assistente-pessoal	2026-09-07T02:29:50Z	0	code-review	data-export-phase-4-the-unattended-copy	1	R-L1	1	blocking	0	-
assistente-pessoal	2026-09-07T02:29:50Z	0	code-review	data-export-phase-4-the-unattended-copy	1	R-L2	1	blocking	0	-
assistente-pessoal	2026-09-07T02:29:50Z	0	code-review	data-export-phase-4-the-unattended-copy	1	R-L3	1	blocking	0	-
assistente-pessoal	2026-09-07T02:29:50Z	0	code-review	data-export-phase-4-the-unattended-copy	1	R-S1	1	blocking	0	-
assistente-pessoal	2026-09-07T02:29:50Z	0	code-review	data-export-phase-4-the-unattended-copy	1	R-S2	1	blocking	0	-
assistente-pessoal	2026-09-07T02:29:50Z	0	code-review	data-export-phase-4-the-unattended-copy	1	R-S3	1	blocking	0	-
assistente-pessoal	2026-09-07T02:29:50Z	0	code-review	data-export-phase-4-the-unattended-copy	1	R-SEM	0	blocking	0	-
assistente-pessoal	2026-09-07T02:29:50Z	0	code-review	data-export-phase-4-the-unattended-copy	1	R-X	1	blocking	0	-
assistente-pessoal	2026-09-07T02:45:00Z	0	code-review	data-export-phase-4-the-unattended-copy	2	R-COH-CALLER-DRIFT	1	blocking	0	-
assistente-pessoal	2026-09-07T02:45:00Z	0	code-review	data-export-phase-4-the-unattended-copy	2	R-COH-CONFIG-DANGLING	1	blocking	0	-
assistente-pessoal	2026-09-07T02:45:00Z	0	code-review	data-export-phase-4-the-unattended-copy	2	R-COH-DEAD-IMPORT	1	blocking	0	-
assistente-pessoal	2026-09-07T02:45:00Z	0	code-review	data-export-phase-4-the-unattended-copy	2	R-COH-REGISTRY-MISSING	1	blocking	0	-
assistente-pessoal	2026-09-07T02:45:00Z	0	code-review	data-export-phase-4-the-unattended-copy	2	R-COH-TASK-CONTRADICTION	1	blocking	0	-
assistente-pessoal	2026-09-07T02:45:00Z	0	code-review	data-export-phase-4-the-unattended-copy	2	R-L1	1	blocking	0	-
assistente-pessoal	2026-09-07T02:45:00Z	0	code-review	data-export-phase-4-the-unattended-copy	2	R-L2	1	blocking	0	-
assistente-pessoal	2026-09-07T02:45:00Z	0	code-review	data-export-phase-4-the-unattended-copy	2	R-L3	1	blocking	0	-
assistente-pessoal	2026-09-07T02:45:00Z	0	code-review	data-export-phase-4-the-unattended-copy	2	R-S1	1	blocking	0	-
assistente-pessoal	2026-09-07T02:45:00Z	0	code-review	data-export-phase-4-the-unattended-copy	2	R-S2	1	blocking	0	-
assistente-pessoal	2026-09-07T02:45:00Z	0	code-review	data-export-phase-4-the-unattended-copy	2	R-S3	1	blocking	0	-
assistente-pessoal	2026-09-07T02:45:00Z	0	code-review	data-export-phase-4-the-unattended-copy	2	R-SEM	1	blocking	0	-
assistente-pessoal	2026-09-07T02:45:00Z	0	code-review	data-export-phase-4-the-unattended-copy	2	R-X	1	blocking	0	-
assistente-pessoal	2026-09-03T18:06:34Z	0	code-review	google-calendar-read-phase-4-the-day-whole	1	R-L1	-	blocking	0	-
assistente-pessoal	2026-09-03T18:06:34Z	0	code-review	google-calendar-read-phase-4-the-day-whole	1	R-L2	-	blocking	0	-
assistente-pessoal	2026-09-03T18:06:34Z	0	code-review	google-calendar-read-phase-4-the-day-whole	1	R-L3	-	blocking	0	-
assistente-pessoal	2026-09-03T18:06:34Z	0	code-review	google-calendar-read-phase-4-the-day-whole	1	R-S1	1	blocking	0	-
assistente-pessoal	2026-09-03T18:06:34Z	0	code-review	google-calendar-read-phase-4-the-day-whole	1	R-S2	1	blocking	0	-
assistente-pessoal	2026-09-03T18:06:34Z	0	code-review	google-calendar-read-phase-4-the-day-whole	1	R-S3	1	blocking	0	-
assistente-pessoal	2026-09-03T18:06:34Z	0	code-review	google-calendar-read-phase-4-the-day-whole	1	R-SEM	0	blocking	0	-
assistente-pessoal	2026-09-03T18:06:34Z	0	code-review	google-calendar-read-phase-4-the-day-whole	1	R-X	0	blocking	0	-
assistente-pessoal	2026-09-07T20:25:48Z	0	code-review	push-channel-proven-phase-1-push-send-spike	1	R-COH-CALLER-DRIFT	1	blocking	0	-
assistente-pessoal	2026-09-07T20:25:48Z	0	code-review	push-channel-proven-phase-1-push-send-spike	1	R-COH-CONFIG-DANGLING	1	blocking	0	-
assistente-pessoal	2026-09-07T20:25:48Z	0	code-review	push-channel-proven-phase-1-push-send-spike	1	R-COH-DEAD-IMPORT	1	blocking	0	-
assistente-pessoal	2026-09-07T20:25:48Z	0	code-review	push-channel-proven-phase-1-push-send-spike	1	R-COH-OTHER-INTERNAL-CONTRADICTION	0	blocking	0	-
assistente-pessoal	2026-09-07T20:25:48Z	0	code-review	push-channel-proven-phase-1-push-send-spike	1	R-COH-REGISTRY-MISSING	1	blocking	0	-
assistente-pessoal	2026-09-07T20:25:48Z	0	code-review	push-channel-proven-phase-1-push-send-spike	1	R-COH-TASK-CONTRADICTION	1	blocking	0	-
assistente-pessoal	2026-09-07T20:25:48Z	0	code-review	push-channel-proven-phase-1-push-send-spike	1	R-L1	1	blocking	0	-
assistente-pessoal	2026-09-07T20:25:48Z	0	code-review	push-channel-proven-phase-1-push-send-spike	1	R-L2	1	blocking	0	-
assistente-pessoal	2026-09-07T20:25:48Z	0	code-review	push-channel-proven-phase-1-push-send-spike	1	R-L3	1	blocking	0	-
assistente-pessoal	2026-09-07T20:25:48Z	0	code-review	push-channel-proven-phase-1-push-send-spike	1	R-S1	1	blocking	0	-
assistente-pessoal	2026-09-07T20:25:48Z	0	code-review	push-channel-proven-phase-1-push-send-spike	1	R-S2	1	blocking	0	-
assistente-pessoal	2026-09-07T20:25:48Z	0	code-review	push-channel-proven-phase-1-push-send-spike	1	R-S3	1	blocking	0	-
assistente-pessoal	2026-09-07T20:25:48Z	0	code-review	push-channel-proven-phase-1-push-send-spike	1	R-SEM	0	blocking	0	-
assistente-pessoal	2026-09-07T20:25:48Z	0	code-review	push-channel-proven-phase-1-push-send-spike	1	R-X	1	blocking	0	-
assistente-pessoal	2026-09-07T20:31:55Z	0	code-review	push-channel-proven-phase-1-push-send-spike	2	R-COH-CALLER-DRIFT	1	blocking	0	-
assistente-pessoal	2026-09-07T20:31:55Z	0	code-review	push-channel-proven-phase-1-push-send-spike	2	R-COH-CONFIG-DANGLING	1	blocking	0	-
assistente-pessoal	2026-09-07T20:31:55Z	0	code-review	push-channel-proven-phase-1-push-send-spike	2	R-COH-DEAD-IMPORT	1	blocking	0	-
assistente-pessoal	2026-09-07T20:31:55Z	0	code-review	push-channel-proven-phase-1-push-send-spike	2	R-COH-OTHER-INTERNAL-CONTRADICTION	1	blocking	0	-
assistente-pessoal	2026-09-07T20:31:55Z	0	code-review	push-channel-proven-phase-1-push-send-spike	2	R-COH-REGISTRY-MISSING	1	blocking	0	-
assistente-pessoal	2026-09-07T20:31:55Z	0	code-review	push-channel-proven-phase-1-push-send-spike	2	R-COH-TASK-CONTRADICTION	1	blocking	0	-
assistente-pessoal	2026-09-07T20:31:55Z	0	code-review	push-channel-proven-phase-1-push-send-spike	2	R-L1	1	blocking	0	-
assistente-pessoal	2026-09-07T20:31:55Z	0	code-review	push-channel-proven-phase-1-push-send-spike	2	R-L2	1	blocking	0	-
assistente-pessoal	2026-09-07T20:31:55Z	0	code-review	push-channel-proven-phase-1-push-send-spike	2	R-L3	1	blocking	0	-
assistente-pessoal	2026-09-07T20:31:55Z	0	code-review	push-channel-proven-phase-1-push-send-spike	2	R-S1	1	blocking	0	-
assistente-pessoal	2026-09-07T20:31:55Z	0	code-review	push-channel-proven-phase-1-push-send-spike	2	R-S2	1	blocking	0	-
assistente-pessoal	2026-09-07T20:31:55Z	0	code-review	push-channel-proven-phase-1-push-send-spike	2	R-S3	1	blocking	0	-
assistente-pessoal	2026-09-07T20:31:55Z	0	code-review	push-channel-proven-phase-1-push-send-spike	2	R-SEM	1	blocking	0	-
assistente-pessoal	2026-09-07T20:31:55Z	0	code-review	push-channel-proven-phase-1-push-send-spike	2	R-X	1	blocking	0	-
assistente-pessoal	2026-09-07T21:38:43Z	0	code-review	push-channel-proven-phase-2-subscription-lifecycle	1	R-COH-CALLER-DRIFT	1	blocking	0	-
assistente-pessoal	2026-09-07T21:38:43Z	0	code-review	push-channel-proven-phase-2-subscription-lifecycle	1	R-COH-CONFIG-DANGLING	1	blocking	0	-
assistente-pessoal	2026-09-07T21:38:43Z	0	code-review	push-channel-proven-phase-2-subscription-lifecycle	1	R-COH-DEAD-IMPORT	1	blocking	0	-
assistente-pessoal	2026-09-07T21:38:43Z	0	code-review	push-channel-proven-phase-2-subscription-lifecycle	1	R-COH-REGISTRY-MISSING	1	blocking	0	-
assistente-pessoal	2026-09-07T21:38:43Z	0	code-review	push-channel-proven-phase-2-subscription-lifecycle	1	R-COH-TASK-CONTRADICTION	1	blocking	0	-
assistente-pessoal	2026-09-07T21:38:43Z	0	code-review	push-channel-proven-phase-2-subscription-lifecycle	1	R-L1	1	blocking	0	-
assistente-pessoal	2026-09-07T21:38:43Z	0	code-review	push-channel-proven-phase-2-subscription-lifecycle	1	R-L2	1	blocking	0	-
assistente-pessoal	2026-09-07T21:38:43Z	0	code-review	push-channel-proven-phase-2-subscription-lifecycle	1	R-L3	1	blocking	0	-
assistente-pessoal	2026-09-07T21:38:43Z	0	code-review	push-channel-proven-phase-2-subscription-lifecycle	1	R-S1	1	blocking	0	-
assistente-pessoal	2026-09-07T21:38:43Z	0	code-review	push-channel-proven-phase-2-subscription-lifecycle	1	R-S2	1	blocking	0	-
assistente-pessoal	2026-09-07T21:38:43Z	0	code-review	push-channel-proven-phase-2-subscription-lifecycle	1	R-S3	1	blocking	0	-
assistente-pessoal	2026-09-07T21:38:43Z	0	code-review	push-channel-proven-phase-2-subscription-lifecycle	1	R-SEM	1	blocking	0	-
assistente-pessoal	2026-09-07T21:38:43Z	0	code-review	push-channel-proven-phase-2-subscription-lifecycle	1	R-X	1	blocking	0	-
assistente-pessoal	2026-09-07T23:08:54Z	0	code-review	push-channel-proven-phase-3-cron-heartbeat	1	R-COH-CALLER-DRIFT	1	blocking	0	-
assistente-pessoal	2026-09-07T23:08:54Z	0	code-review	push-channel-proven-phase-3-cron-heartbeat	1	R-COH-CONFIG-DANGLING	1	blocking	0	-
assistente-pessoal	2026-09-07T23:08:54Z	0	code-review	push-channel-proven-phase-3-cron-heartbeat	1	R-COH-DEAD-IMPORT	1	blocking	0	-
assistente-pessoal	2026-09-07T23:08:54Z	0	code-review	push-channel-proven-phase-3-cron-heartbeat	1	R-COH-REGISTRY-MISSING	1	blocking	0	-
assistente-pessoal	2026-09-07T23:08:54Z	0	code-review	push-channel-proven-phase-3-cron-heartbeat	1	R-COH-TASK-CONTRADICTION	1	blocking	0	-
assistente-pessoal	2026-09-07T23:08:54Z	0	code-review	push-channel-proven-phase-3-cron-heartbeat	1	R-L1	1	blocking	0	-
assistente-pessoal	2026-09-07T23:08:54Z	0	code-review	push-channel-proven-phase-3-cron-heartbeat	1	R-L2	1	blocking	0	-
assistente-pessoal	2026-09-07T23:08:54Z	0	code-review	push-channel-proven-phase-3-cron-heartbeat	1	R-L3	1	blocking	0	-
assistente-pessoal	2026-09-07T23:08:54Z	0	code-review	push-channel-proven-phase-3-cron-heartbeat	1	R-S1	1	blocking	0	-
assistente-pessoal	2026-09-07T23:08:54Z	0	code-review	push-channel-proven-phase-3-cron-heartbeat	1	R-S2	1	blocking	0	-
assistente-pessoal	2026-09-07T23:08:54Z	0	code-review	push-channel-proven-phase-3-cron-heartbeat	1	R-S3	1	blocking	0	-
assistente-pessoal	2026-09-07T23:08:54Z	0	code-review	push-channel-proven-phase-3-cron-heartbeat	1	R-SEM	1	blocking	0	-
assistente-pessoal	2026-09-07T23:08:54Z	0	code-review	push-channel-proven-phase-3-cron-heartbeat	1	R-X	1	blocking	0	-
assistente-pessoal	2026-09-08T00:31:27Z	0	code-review	push-channel-proven-phase-4-notifications-settings	1	R-COH-CALLER-DRIFT	1	blocking	0	-
assistente-pessoal	2026-09-08T00:31:27Z	0	code-review	push-channel-proven-phase-4-notifications-settings	1	R-COH-COMMENT-MISMATCH	0	blocking	0	-
assistente-pessoal	2026-09-08T00:31:27Z	0	code-review	push-channel-proven-phase-4-notifications-settings	1	R-COH-CONFIG-DANGLING	1	blocking	0	-
assistente-pessoal	2026-09-08T00:31:27Z	0	code-review	push-channel-proven-phase-4-notifications-settings	1	R-COH-DEAD-IMPORT	1	blocking	0	-
assistente-pessoal	2026-09-08T00:31:27Z	0	code-review	push-channel-proven-phase-4-notifications-settings	1	R-COH-OTHER-INTERNAL-CONTRADICTION	0	blocking	0	-
assistente-pessoal	2026-09-08T00:31:27Z	0	code-review	push-channel-proven-phase-4-notifications-settings	1	R-COH-REGISTRY-MISSING	1	blocking	0	-
assistente-pessoal	2026-09-08T00:31:27Z	0	code-review	push-channel-proven-phase-4-notifications-settings	1	R-COH-TASK-CONTRADICTION	1	blocking	0	-
assistente-pessoal	2026-09-08T00:31:27Z	0	code-review	push-channel-proven-phase-4-notifications-settings	1	R-L1	1	blocking	0	-
assistente-pessoal	2026-09-08T00:31:27Z	0	code-review	push-channel-proven-phase-4-notifications-settings	1	R-L2	1	blocking	0	-
assistente-pessoal	2026-09-08T00:31:27Z	0	code-review	push-channel-proven-phase-4-notifications-settings	1	R-L3	1	blocking	0	-
assistente-pessoal	2026-09-08T00:31:27Z	0	code-review	push-channel-proven-phase-4-notifications-settings	1	R-S1	1	blocking	0	-
assistente-pessoal	2026-09-08T00:31:27Z	0	code-review	push-channel-proven-phase-4-notifications-settings	1	R-S2	1	blocking	0	-
assistente-pessoal	2026-09-08T00:31:27Z	0	code-review	push-channel-proven-phase-4-notifications-settings	1	R-S3	1	blocking	0	-
assistente-pessoal	2026-09-08T00:31:27Z	0	code-review	push-channel-proven-phase-4-notifications-settings	1	R-SEM	0	blocking	0	-
assistente-pessoal	2026-09-08T00:31:27Z	0	code-review	push-channel-proven-phase-4-notifications-settings	1	R-X	1	blocking	0	-
assistente-pessoal	2026-09-08T00:44:11Z	0	code-review	push-channel-proven-phase-4-notifications-settings	2	R-COH-CALLER-DRIFT	1	blocking	0	-
assistente-pessoal	2026-09-08T00:44:11Z	0	code-review	push-channel-proven-phase-4-notifications-settings	2	R-COH-COMMENT-MISMATCH	1	blocking	0	-
assistente-pessoal	2026-09-08T00:44:11Z	0	code-review	push-channel-proven-phase-4-notifications-settings	2	R-COH-CONFIG-DANGLING	1	blocking	0	-
assistente-pessoal	2026-09-08T00:44:11Z	0	code-review	push-channel-proven-phase-4-notifications-settings	2	R-COH-DEAD-IMPORT	1	blocking	0	-
assistente-pessoal	2026-09-08T00:44:11Z	0	code-review	push-channel-proven-phase-4-notifications-settings	2	R-COH-DS-REUSE	1	blocking	0	-
assistente-pessoal	2026-09-08T00:44:11Z	0	code-review	push-channel-proven-phase-4-notifications-settings	2	R-COH-OTHER-INTERNAL-CONTRADICTION	1	blocking	0	-
assistente-pessoal	2026-09-08T00:44:11Z	0	code-review	push-channel-proven-phase-4-notifications-settings	2	R-COH-REGISTRY-MISSING	1	blocking	0	-
assistente-pessoal	2026-09-08T00:44:11Z	0	code-review	push-channel-proven-phase-4-notifications-settings	2	R-COH-TASK-CONTRADICTION	1	blocking	0	-
assistente-pessoal	2026-09-08T00:44:11Z	0	code-review	push-channel-proven-phase-4-notifications-settings	2	R-L1	1	blocking	0	-
assistente-pessoal	2026-09-08T00:44:11Z	0	code-review	push-channel-proven-phase-4-notifications-settings	2	R-L2	1	blocking	0	-
assistente-pessoal	2026-09-08T00:44:11Z	0	code-review	push-channel-proven-phase-4-notifications-settings	2	R-L3	1	blocking	0	-
assistente-pessoal	2026-09-08T00:44:11Z	0	code-review	push-channel-proven-phase-4-notifications-settings	2	R-S1	1	blocking	0	-
assistente-pessoal	2026-09-08T00:44:11Z	0	code-review	push-channel-proven-phase-4-notifications-settings	2	R-S2	1	blocking	0	-
assistente-pessoal	2026-09-08T00:44:11Z	0	code-review	push-channel-proven-phase-4-notifications-settings	2	R-S3	1	blocking	0	-
assistente-pessoal	2026-09-08T00:44:11Z	0	code-review	push-channel-proven-phase-4-notifications-settings	2	R-SEM	1	blocking	0	-
assistente-pessoal	2026-09-08T00:44:11Z	0	code-review	push-channel-proven-phase-4-notifications-settings	2	R-X	1	blocking	0	-
assistente-pessoal	2026-09-08T01:51:53Z	0	code-review	push-channel-proven-phase-4-notifications-settings	3	R-COH-CALLER-DRIFT	1	blocking	0	-
assistente-pessoal	2026-09-08T01:51:53Z	0	code-review	push-channel-proven-phase-4-notifications-settings	3	R-COH-CONFIG-DANGLING	1	blocking	0	-
assistente-pessoal	2026-09-08T01:51:53Z	0	code-review	push-channel-proven-phase-4-notifications-settings	3	R-COH-DEAD-IMPORT	1	blocking	0	-
assistente-pessoal	2026-09-08T01:51:53Z	0	code-review	push-channel-proven-phase-4-notifications-settings	3	R-COH-DS-REUSE	1	blocking	0	-
assistente-pessoal	2026-09-08T01:51:53Z	0	code-review	push-channel-proven-phase-4-notifications-settings	3	R-COH-REGISTRY-MISSING	1	blocking	0	-
assistente-pessoal	2026-09-08T01:51:53Z	0	code-review	push-channel-proven-phase-4-notifications-settings	3	R-COH-TASK-CONTRADICTION	1	blocking	0	-
assistente-pessoal	2026-09-08T01:51:53Z	0	code-review	push-channel-proven-phase-4-notifications-settings	3	R-L1	1	blocking	0	-
assistente-pessoal	2026-09-08T01:51:53Z	0	code-review	push-channel-proven-phase-4-notifications-settings	3	R-L2	1	blocking	0	-
assistente-pessoal	2026-09-08T01:51:53Z	0	code-review	push-channel-proven-phase-4-notifications-settings	3	R-L3	1	blocking	0	-
assistente-pessoal	2026-09-08T01:51:53Z	0	code-review	push-channel-proven-phase-4-notifications-settings	3	R-S1	1	blocking	0	-
assistente-pessoal	2026-09-08T01:51:53Z	0	code-review	push-channel-proven-phase-4-notifications-settings	3	R-S2	1	blocking	0	-
assistente-pessoal	2026-09-08T01:51:53Z	0	code-review	push-channel-proven-phase-4-notifications-settings	3	R-S3	1	blocking	0	-
assistente-pessoal	2026-09-08T01:51:53Z	0	code-review	push-channel-proven-phase-4-notifications-settings	3	R-SEM	1	blocking	0	-
assistente-pessoal	2026-09-08T01:51:53Z	0	code-review	push-channel-proven-phase-4-notifications-settings	3	R-X	1	blocking	0	-
assistente-pessoal	2026-09-09T22:36:56Z	0	code-review	reminders-phase-1-reminder-api-and-the-time-contract	1	R-COH-CALLER-DRIFT	1	blocking	0	-
assistente-pessoal	2026-09-09T22:36:56Z	0	code-review	reminders-phase-1-reminder-api-and-the-time-contract	1	R-COH-CONFIG-DANGLING	1	blocking	0	-
assistente-pessoal	2026-09-09T22:36:56Z	0	code-review	reminders-phase-1-reminder-api-and-the-time-contract	1	R-COH-DEAD-IMPORT	1	blocking	0	-
assistente-pessoal	2026-09-09T22:36:56Z	0	code-review	reminders-phase-1-reminder-api-and-the-time-contract	1	R-COH-REGISTRY-MISSING	1	blocking	0	-
assistente-pessoal	2026-09-09T22:36:56Z	0	code-review	reminders-phase-1-reminder-api-and-the-time-contract	1	R-COH-TASK-CONTRADICTION	1	blocking	0	-
assistente-pessoal	2026-09-09T22:36:56Z	0	code-review	reminders-phase-1-reminder-api-and-the-time-contract	1	R-L1	1	blocking	0	-
assistente-pessoal	2026-09-09T22:36:56Z	0	code-review	reminders-phase-1-reminder-api-and-the-time-contract	1	R-L2	1	blocking	0	-
assistente-pessoal	2026-09-09T22:36:56Z	0	code-review	reminders-phase-1-reminder-api-and-the-time-contract	1	R-L3	1	blocking	0	-
assistente-pessoal	2026-09-09T22:36:56Z	0	code-review	reminders-phase-1-reminder-api-and-the-time-contract	1	R-S1	1	blocking	0	-
assistente-pessoal	2026-09-09T22:36:56Z	0	code-review	reminders-phase-1-reminder-api-and-the-time-contract	1	R-S2	1	blocking	0	-
assistente-pessoal	2026-09-09T22:36:56Z	0	code-review	reminders-phase-1-reminder-api-and-the-time-contract	1	R-S3	1	blocking	0	-
assistente-pessoal	2026-09-09T22:36:56Z	0	code-review	reminders-phase-1-reminder-api-and-the-time-contract	1	R-SEM	1	blocking	0	-
assistente-pessoal	2026-09-09T22:36:56Z	0	code-review	reminders-phase-1-reminder-api-and-the-time-contract	1	R-X	1	blocking	0	-
assistente-pessoal	2026-09-09T23:00:35Z	0	code-review	reminders-phase-2-the-due-reminder-sweep	1	R-COH-CALLER-DRIFT	1	blocking	0	-
assistente-pessoal	2026-09-09T23:00:35Z	0	code-review	reminders-phase-2-the-due-reminder-sweep	1	R-COH-CONFIG-DANGLING	1	blocking	0	-
assistente-pessoal	2026-09-09T23:00:35Z	0	code-review	reminders-phase-2-the-due-reminder-sweep	1	R-COH-DEAD-IMPORT	1	blocking	0	-
assistente-pessoal	2026-09-09T23:00:35Z	0	code-review	reminders-phase-2-the-due-reminder-sweep	1	R-COH-REGISTRY-MISSING	1	blocking	0	-
assistente-pessoal	2026-09-09T23:00:35Z	0	code-review	reminders-phase-2-the-due-reminder-sweep	1	R-COH-TASK-CONTRADICTION	1	blocking	0	-
assistente-pessoal	2026-09-09T23:00:35Z	0	code-review	reminders-phase-2-the-due-reminder-sweep	1	R-L1	1	blocking	0	-
assistente-pessoal	2026-09-09T23:00:35Z	0	code-review	reminders-phase-2-the-due-reminder-sweep	1	R-L2	1	blocking	0	-
assistente-pessoal	2026-09-09T23:00:35Z	0	code-review	reminders-phase-2-the-due-reminder-sweep	1	R-L3	1	blocking	0	-
assistente-pessoal	2026-09-09T23:00:35Z	0	code-review	reminders-phase-2-the-due-reminder-sweep	1	R-S1	1	blocking	0	-
assistente-pessoal	2026-09-09T23:00:35Z	0	code-review	reminders-phase-2-the-due-reminder-sweep	1	R-S2	1	blocking	0	-
assistente-pessoal	2026-09-09T23:00:35Z	0	code-review	reminders-phase-2-the-due-reminder-sweep	1	R-S3	1	blocking	0	-
assistente-pessoal	2026-09-09T23:00:35Z	0	code-review	reminders-phase-2-the-due-reminder-sweep	1	R-SEM	1	blocking	0	-
assistente-pessoal	2026-09-09T23:00:35Z	0	code-review	reminders-phase-2-the-due-reminder-sweep	1	R-X	1	blocking	0	-
assistente-pessoal	2026-09-10T02:22:51Z	0	code-review	reminders-phase-3-per-task-route-and-reminder-ui	1	arbitration	-	blocking	0	-
assistente-pessoal	2026-09-10T02:35:42Z	0	code-review	reminders-phase-3-per-task-route-and-reminder-ui	2	R-COH-CALLER-DRIFT	1	blocking	0	-
assistente-pessoal	2026-09-10T02:35:42Z	0	code-review	reminders-phase-3-per-task-route-and-reminder-ui	2	R-COH-CONFIG-DANGLING	1	blocking	0	-
assistente-pessoal	2026-09-10T02:35:42Z	0	code-review	reminders-phase-3-per-task-route-and-reminder-ui	2	R-COH-DEAD-IMPORT	1	blocking	0	-
assistente-pessoal	2026-09-10T02:35:42Z	0	code-review	reminders-phase-3-per-task-route-and-reminder-ui	2	R-COH-REGISTRY-MISSING	1	blocking	0	-
assistente-pessoal	2026-09-10T02:35:42Z	0	code-review	reminders-phase-3-per-task-route-and-reminder-ui	2	R-COH-TASK-CONTRADICTION	1	blocking	0	-
assistente-pessoal	2026-09-10T02:35:42Z	0	code-review	reminders-phase-3-per-task-route-and-reminder-ui	2	R-L1	1	blocking	0	-
assistente-pessoal	2026-09-10T02:35:42Z	0	code-review	reminders-phase-3-per-task-route-and-reminder-ui	2	R-L2	1	blocking	0	-
assistente-pessoal	2026-09-10T02:35:42Z	0	code-review	reminders-phase-3-per-task-route-and-reminder-ui	2	R-L3	1	blocking	0	-
assistente-pessoal	2026-09-10T02:35:42Z	0	code-review	reminders-phase-3-per-task-route-and-reminder-ui	2	R-S1	1	blocking	0	-
assistente-pessoal	2026-09-10T02:35:42Z	0	code-review	reminders-phase-3-per-task-route-and-reminder-ui	2	R-S2	1	blocking	0	-
assistente-pessoal	2026-09-10T02:35:42Z	0	code-review	reminders-phase-3-per-task-route-and-reminder-ui	2	R-S3	1	blocking	0	-
assistente-pessoal	2026-09-10T02:35:42Z	0	code-review	reminders-phase-3-per-task-route-and-reminder-ui	2	R-SEM	1	blocking	0	-
assistente-pessoal	2026-09-10T02:35:42Z	0	code-review	reminders-phase-3-per-task-route-and-reminder-ui	2	R-X	1	blocking	0	-
assistente-pessoal	2026-09-10T03:20:16Z	0	code-review	reminders-phase-4-deadline-recomputation-and-the-device-proof	1	R-COH-CALLER-DRIFT	1	blocking	0	-
assistente-pessoal	2026-09-10T03:20:16Z	0	code-review	reminders-phase-4-deadline-recomputation-and-the-device-proof	1	R-COH-CONFIG-DANGLING	1	blocking	0	-
assistente-pessoal	2026-09-10T03:20:16Z	0	code-review	reminders-phase-4-deadline-recomputation-and-the-device-proof	1	R-COH-DEAD-IMPORT	1	blocking	0	-
assistente-pessoal	2026-09-10T03:20:16Z	0	code-review	reminders-phase-4-deadline-recomputation-and-the-device-proof	1	R-COH-REGISTRY-MISSING	1	blocking	0	-
assistente-pessoal	2026-09-10T03:20:16Z	0	code-review	reminders-phase-4-deadline-recomputation-and-the-device-proof	1	R-COH-TASK-CONTRADICTION	1	blocking	0	-
assistente-pessoal	2026-09-10T03:20:16Z	0	code-review	reminders-phase-4-deadline-recomputation-and-the-device-proof	1	R-L1	1	blocking	0	-
assistente-pessoal	2026-09-10T03:20:16Z	0	code-review	reminders-phase-4-deadline-recomputation-and-the-device-proof	1	R-L2	1	blocking	0	-
assistente-pessoal	2026-09-10T03:20:16Z	0	code-review	reminders-phase-4-deadline-recomputation-and-the-device-proof	1	R-L3	1	blocking	0	-
assistente-pessoal	2026-09-10T03:20:16Z	0	code-review	reminders-phase-4-deadline-recomputation-and-the-device-proof	1	R-S1	1	blocking	0	-
assistente-pessoal	2026-09-10T03:20:16Z	0	code-review	reminders-phase-4-deadline-recomputation-and-the-device-proof	1	R-S2	1	blocking	0	-
assistente-pessoal	2026-09-10T03:20:16Z	0	code-review	reminders-phase-4-deadline-recomputation-and-the-device-proof	1	R-S3	1	blocking	0	-
assistente-pessoal	2026-09-10T03:20:16Z	0	code-review	reminders-phase-4-deadline-recomputation-and-the-device-proof	1	R-SEM	1	blocking	0	-
assistente-pessoal	2026-09-10T03:20:16Z	0	code-review	reminders-phase-4-deadline-recomputation-and-the-device-proof	1	R-X	1	blocking	0	-
assistente-pessoal	2026-09-04T18:44:40Z	0	plan-review	data-export-phase-1-the-dump-and-its-guard	1	R-COH-AC-TASK-DECOUPLED	0	blocking	0	-
assistente-pessoal	2026-09-04T18:44:40Z	0	plan-review	data-export-phase-1-the-dump-and-its-guard	1	R-COH-ACTION-VALIDATE-CONTRADICTION	1	blocking	0	-
assistente-pessoal	2026-09-04T18:44:40Z	0	plan-review	data-export-phase-1-the-dump-and-its-guard	1	R-COH-FILES-UNTOUCHED	1	blocking	0	-
assistente-pessoal	2026-09-04T18:44:40Z	0	plan-review	data-export-phase-1-the-dump-and-its-guard	1	R-COH-MANDATORY-READING-MISSING	1	advisory	0	-
assistente-pessoal	2026-09-04T18:44:40Z	0	plan-review	data-export-phase-1-the-dump-and-its-guard	1	R-COH-PATTERN-SOURCE-MISSING	1	advisory	0	-
assistente-pessoal	2026-09-04T18:44:40Z	0	plan-review	data-export-phase-1-the-dump-and-its-guard	1	R-COH-TASK-AC-MISSING	0	blocking	0	-
assistente-pessoal	2026-09-04T18:44:40Z	0	plan-review	data-export-phase-1-the-dump-and-its-guard	1	R-COH-VALIDATE-ALWAYS-PASS	0	blocking	0	-
assistente-pessoal	2026-09-04T18:44:40Z	0	plan-review	data-export-phase-1-the-dump-and-its-guard	1	R-COH-VALIDATE-FORBIDDEN-GREP-SCOPE	1	blocking	0	-
assistente-pessoal	2026-09-04T18:44:40Z	0	plan-review	data-export-phase-1-the-dump-and-its-guard	1	R-COH-VALIDATE-FRAMEWORK-MISMATCH	1	blocking	0	-
assistente-pessoal	2026-09-04T18:44:40Z	0	plan-review	data-export-phase-1-the-dump-and-its-guard	1	R-COH-VALIDATE-PATTERN-UNGROUNDED	1	blocking	0	-
assistente-pessoal	2026-09-04T18:44:40Z	0	plan-review	data-export-phase-1-the-dump-and-its-guard	1	R-COH-VALIDATE-SEARCH-AMBIGUOUS	1	blocking	0	-
assistente-pessoal	2026-09-04T18:44:40Z	0	plan-review	data-export-phase-1-the-dump-and-its-guard	1	R1	1	blocking	0	-
assistente-pessoal	2026-09-04T18:44:40Z	0	plan-review	data-export-phase-1-the-dump-and-its-guard	1	R2	1	blocking	0	-
assistente-pessoal	2026-09-04T18:44:40Z	0	plan-review	data-export-phase-1-the-dump-and-its-guard	1	R3	1	blocking	0	-
assistente-pessoal	2026-09-04T18:44:40Z	0	plan-review	data-export-phase-1-the-dump-and-its-guard	1	R4	1	blocking	0	-
assistente-pessoal	2026-09-04T18:44:40Z	0	plan-review	data-export-phase-1-the-dump-and-its-guard	1	R5	1	blocking	0	-
assistente-pessoal	2026-09-04T18:44:40Z	0	plan-review	data-export-phase-1-the-dump-and-its-guard	1	R6	1	blocking	0	-
assistente-pessoal	2026-09-04T18:44:40Z	0	plan-review	data-export-phase-1-the-dump-and-its-guard	1	R7	1	blocking	0	-
assistente-pessoal	2026-09-04T18:44:40Z	0	plan-review	data-export-phase-1-the-dump-and-its-guard	1	R8	1	blocking	0	-
assistente-pessoal	2026-09-04T18:51:50Z	0	plan-review	data-export-phase-1-the-dump-and-its-guard	2	R-COH-ACTION-VALIDATE-CONTRADICTION	1	blocking	0	-
assistente-pessoal	2026-09-04T18:51:50Z	0	plan-review	data-export-phase-1-the-dump-and-its-guard	2	R-COH-FILES-UNTOUCHED	1	blocking	0	-
assistente-pessoal	2026-09-04T18:51:50Z	0	plan-review	data-export-phase-1-the-dump-and-its-guard	2	R-COH-MANDATORY-READING-MISSING	1	advisory	0	-
assistente-pessoal	2026-09-04T18:51:50Z	0	plan-review	data-export-phase-1-the-dump-and-its-guard	2	R-COH-PATTERN-SOURCE-MISSING	1	advisory	0	-
assistente-pessoal	2026-09-04T18:51:50Z	0	plan-review	data-export-phase-1-the-dump-and-its-guard	2	R-COH-TASK-AC-MISSING	1	blocking	0	-
assistente-pessoal	2026-09-04T18:51:50Z	0	plan-review	data-export-phase-1-the-dump-and-its-guard	2	R-COH-VALIDATE-ALWAYS-PASS	1	blocking	0	-
assistente-pessoal	2026-09-04T18:51:50Z	0	plan-review	data-export-phase-1-the-dump-and-its-guard	2	R-COH-VALIDATE-FORBIDDEN-GREP-SCOPE	1	blocking	0	-
assistente-pessoal	2026-09-04T18:51:50Z	0	plan-review	data-export-phase-1-the-dump-and-its-guard	2	R-COH-VALIDATE-FRAMEWORK-MISMATCH	1	blocking	0	-
assistente-pessoal	2026-09-04T18:51:50Z	0	plan-review	data-export-phase-1-the-dump-and-its-guard	2	R-COH-VALIDATE-PATTERN-UNGROUNDED	1	blocking	0	-
assistente-pessoal	2026-09-04T18:51:50Z	0	plan-review	data-export-phase-1-the-dump-and-its-guard	2	R-COH-VALIDATE-SEARCH-AMBIGUOUS	1	blocking	0	-
assistente-pessoal	2026-09-04T18:51:50Z	0	plan-review	data-export-phase-1-the-dump-and-its-guard	2	R1	1	blocking	0	-
assistente-pessoal	2026-09-04T18:51:50Z	0	plan-review	data-export-phase-1-the-dump-and-its-guard	2	R2	1	blocking	0	-
assistente-pessoal	2026-09-04T18:51:50Z	0	plan-review	data-export-phase-1-the-dump-and-its-guard	2	R3	1	blocking	0	-
assistente-pessoal	2026-09-04T18:51:50Z	0	plan-review	data-export-phase-1-the-dump-and-its-guard	2	R4	1	blocking	0	-
assistente-pessoal	2026-09-04T18:51:50Z	0	plan-review	data-export-phase-1-the-dump-and-its-guard	2	R5	1	blocking	0	-
assistente-pessoal	2026-09-04T18:51:50Z	0	plan-review	data-export-phase-1-the-dump-and-its-guard	2	R6	1	blocking	0	-
assistente-pessoal	2026-09-04T18:51:50Z	0	plan-review	data-export-phase-1-the-dump-and-its-guard	2	R7	1	blocking	0	-
assistente-pessoal	2026-09-04T18:51:50Z	0	plan-review	data-export-phase-1-the-dump-and-its-guard	2	R8	1	blocking	0	-
assistente-pessoal	2026-09-04T19:46:46Z	0	plan-review	data-export-phase-2-the-calendar-file	1	R-COH-ACTION-VALIDATE-CONTRADICTION	1	blocking	0	-
assistente-pessoal	2026-09-04T19:46:46Z	0	plan-review	data-export-phase-2-the-calendar-file	1	R-COH-FILES-UNTOUCHED	1	blocking	0	-
assistente-pessoal	2026-09-04T19:46:46Z	0	plan-review	data-export-phase-2-the-calendar-file	1	R-COH-MANDATORY-READING-MISSING	1	advisory	0	-
assistente-pessoal	2026-09-04T19:46:46Z	0	plan-review	data-export-phase-2-the-calendar-file	1	R-COH-PATTERN-SOURCE-MISSING	1	advisory	0	-
assistente-pessoal	2026-09-04T19:46:46Z	0	plan-review	data-export-phase-2-the-calendar-file	1	R-COH-TASK-AC-MISSING	1	blocking	0	-
assistente-pessoal	2026-09-04T19:46:46Z	0	plan-review	data-export-phase-2-the-calendar-file	1	R-COH-VALIDATE-ALWAYS-PASS	1	blocking	0	-
assistente-pessoal	2026-09-04T19:46:46Z	0	plan-review	data-export-phase-2-the-calendar-file	1	R-COH-VALIDATE-FORBIDDEN-GREP-SCOPE	1	blocking	0	-
assistente-pessoal	2026-09-04T19:46:46Z	0	plan-review	data-export-phase-2-the-calendar-file	1	R-COH-VALIDATE-FRAMEWORK-MISMATCH	1	blocking	0	-
assistente-pessoal	2026-09-04T19:46:46Z	0	plan-review	data-export-phase-2-the-calendar-file	1	R-COH-VALIDATE-PATTERN-UNGROUNDED	1	blocking	0	-
assistente-pessoal	2026-09-04T19:46:46Z	0	plan-review	data-export-phase-2-the-calendar-file	1	R-COH-VALIDATE-SEARCH-AMBIGUOUS	1	blocking	0	-
assistente-pessoal	2026-09-04T19:46:46Z	0	plan-review	data-export-phase-2-the-calendar-file	1	R1	1	blocking	0	-
assistente-pessoal	2026-09-04T19:46:46Z	0	plan-review	data-export-phase-2-the-calendar-file	1	R2	1	blocking	0	-
assistente-pessoal	2026-09-04T19:46:46Z	0	plan-review	data-export-phase-2-the-calendar-file	1	R3	1	blocking	0	-
assistente-pessoal	2026-09-04T19:46:46Z	0	plan-review	data-export-phase-2-the-calendar-file	1	R4	1	blocking	0	-
assistente-pessoal	2026-09-04T19:46:46Z	0	plan-review	data-export-phase-2-the-calendar-file	1	R5	1	blocking	0	-
assistente-pessoal	2026-09-04T19:46:46Z	0	plan-review	data-export-phase-2-the-calendar-file	1	R6	1	blocking	0	-
assistente-pessoal	2026-09-04T19:46:46Z	0	plan-review	data-export-phase-2-the-calendar-file	1	R7	1	blocking	0	-
assistente-pessoal	2026-09-04T19:46:46Z	0	plan-review	data-export-phase-2-the-calendar-file	1	R8	1	blocking	0	-
assistente-pessoal	2026-09-04T19:54:36Z	0	plan-review	data-export-phase-2-the-calendar-file	2	R-COH-ACTION-VALIDATE-CONTRADICTION	1	blocking	0	-
assistente-pessoal	2026-09-04T19:54:36Z	0	plan-review	data-export-phase-2-the-calendar-file	2	R-COH-FILES-UNTOUCHED	1	blocking	0	-
assistente-pessoal	2026-09-04T19:54:36Z	0	plan-review	data-export-phase-2-the-calendar-file	2	R-COH-MANDATORY-READING-MISSING	1	advisory	0	-
assistente-pessoal	2026-09-04T19:54:36Z	0	plan-review	data-export-phase-2-the-calendar-file	2	R-COH-PATTERN-SOURCE-MISSING	1	advisory	0	-
assistente-pessoal	2026-09-04T19:54:36Z	0	plan-review	data-export-phase-2-the-calendar-file	2	R-COH-TASK-AC-MISSING	1	blocking	0	-
assistente-pessoal	2026-09-04T19:54:36Z	0	plan-review	data-export-phase-2-the-calendar-file	2	R-COH-VALIDATE-ALWAYS-PASS	1	blocking	0	-
assistente-pessoal	2026-09-04T19:54:36Z	0	plan-review	data-export-phase-2-the-calendar-file	2	R-COH-VALIDATE-FORBIDDEN-GREP-SCOPE	1	blocking	0	-
assistente-pessoal	2026-09-04T19:54:36Z	0	plan-review	data-export-phase-2-the-calendar-file	2	R-COH-VALIDATE-FRAMEWORK-MISMATCH	1	blocking	0	-
assistente-pessoal	2026-09-04T19:54:36Z	0	plan-review	data-export-phase-2-the-calendar-file	2	R-COH-VALIDATE-PATTERN-UNGROUNDED	1	blocking	0	-
assistente-pessoal	2026-09-04T19:54:36Z	0	plan-review	data-export-phase-2-the-calendar-file	2	R-COH-VALIDATE-SEARCH-AMBIGUOUS	1	blocking	0	-
assistente-pessoal	2026-09-04T19:54:36Z	0	plan-review	data-export-phase-2-the-calendar-file	2	R1	1	blocking	0	-
assistente-pessoal	2026-09-04T19:54:36Z	0	plan-review	data-export-phase-2-the-calendar-file	2	R2	1	blocking	0	-
assistente-pessoal	2026-09-04T19:54:36Z	0	plan-review	data-export-phase-2-the-calendar-file	2	R3	1	blocking	0	-
assistente-pessoal	2026-09-04T19:54:36Z	0	plan-review	data-export-phase-2-the-calendar-file	2	R4	1	blocking	0	-
assistente-pessoal	2026-09-04T19:54:36Z	0	plan-review	data-export-phase-2-the-calendar-file	2	R5	1	blocking	0	-
assistente-pessoal	2026-09-04T19:54:36Z	0	plan-review	data-export-phase-2-the-calendar-file	2	R6	1	blocking	0	-
assistente-pessoal	2026-09-04T19:54:36Z	0	plan-review	data-export-phase-2-the-calendar-file	2	R7	1	blocking	0	-
assistente-pessoal	2026-09-04T19:54:36Z	0	plan-review	data-export-phase-2-the-calendar-file	2	R8	1	blocking	0	-
assistente-pessoal	2026-09-05T10:30:39Z	0	plan-review	data-export-phase-3-the-button	1	R-COH-ACTION-VALIDATE-CONTRADICTION	1	blocking	0	-
assistente-pessoal	2026-09-05T10:30:39Z	0	plan-review	data-export-phase-3-the-button	1	R-COH-FILES-UNTOUCHED	1	blocking	0	-
assistente-pessoal	2026-09-05T10:30:39Z	0	plan-review	data-export-phase-3-the-button	1	R-COH-MANDATORY-READING-MISSING	1	advisory	0	-
assistente-pessoal	2026-09-05T10:30:39Z	0	plan-review	data-export-phase-3-the-button	1	R-COH-PATTERN-SOURCE-MISSING	1	advisory	0	-
assistente-pessoal	2026-09-05T10:30:39Z	0	plan-review	data-export-phase-3-the-button	1	R-COH-TASK-AC-MISSING	1	blocking	0	-
assistente-pessoal	2026-09-05T10:30:39Z	0	plan-review	data-export-phase-3-the-button	1	R-COH-VALIDATE-ALWAYS-PASS	1	blocking	0	-
assistente-pessoal	2026-09-05T10:30:39Z	0	plan-review	data-export-phase-3-the-button	1	R-COH-VALIDATE-FORBIDDEN-GREP-SCOPE	1	blocking	0	-
assistente-pessoal	2026-09-05T10:30:39Z	0	plan-review	data-export-phase-3-the-button	1	R-COH-VALIDATE-FRAMEWORK-MISMATCH	1	blocking	0	-
assistente-pessoal	2026-09-05T10:30:39Z	0	plan-review	data-export-phase-3-the-button	1	R-COH-VALIDATE-PATTERN-UNGROUNDED	1	blocking	0	-
assistente-pessoal	2026-09-05T10:30:39Z	0	plan-review	data-export-phase-3-the-button	1	R-COH-VALIDATE-SEARCH-AMBIGUOUS	1	blocking	0	-
assistente-pessoal	2026-09-05T10:30:39Z	0	plan-review	data-export-phase-3-the-button	1	R1	1	blocking	0	-
assistente-pessoal	2026-09-05T10:30:39Z	0	plan-review	data-export-phase-3-the-button	1	R2	1	blocking	0	-
assistente-pessoal	2026-09-05T10:30:39Z	0	plan-review	data-export-phase-3-the-button	1	R3	1	blocking	0	-
assistente-pessoal	2026-09-05T10:30:39Z	0	plan-review	data-export-phase-3-the-button	1	R4	1	blocking	0	-
assistente-pessoal	2026-09-05T10:30:39Z	0	plan-review	data-export-phase-3-the-button	1	R5	1	blocking	0	-
assistente-pessoal	2026-09-05T10:30:39Z	0	plan-review	data-export-phase-3-the-button	1	R6	1	blocking	0	-
assistente-pessoal	2026-09-05T10:30:39Z	0	plan-review	data-export-phase-3-the-button	1	R7	1	blocking	0	-
assistente-pessoal	2026-09-05T10:30:39Z	0	plan-review	data-export-phase-3-the-button	1	R8	1	blocking	0	-
assistente-pessoal	2026-09-05T11:04:44Z	0	plan-review	data-export-phase-3-the-button	2	R-COH-ACTION-VALIDATE-CONTRADICTION	1	blocking	0	-
assistente-pessoal	2026-09-05T11:04:44Z	0	plan-review	data-export-phase-3-the-button	2	R-COH-FILES-UNTOUCHED	1	blocking	0	-
assistente-pessoal	2026-09-05T11:04:44Z	0	plan-review	data-export-phase-3-the-button	2	R-COH-MANDATORY-READING-MISSING	1	advisory	0	-
assistente-pessoal	2026-09-05T11:04:44Z	0	plan-review	data-export-phase-3-the-button	2	R-COH-OTHER-INTERNAL-CONTRADICTION	0	advisory	0	-
assistente-pessoal	2026-09-05T11:04:44Z	0	plan-review	data-export-phase-3-the-button	2	R-COH-PATTERN-SOURCE-MISSING	1	advisory	0	-
assistente-pessoal	2026-09-05T11:04:44Z	0	plan-review	data-export-phase-3-the-button	2	R-COH-TASK-AC-MISSING	1	blocking	0	-
assistente-pessoal	2026-09-05T11:04:44Z	0	plan-review	data-export-phase-3-the-button	2	R-COH-VALIDATE-ALWAYS-PASS	1	blocking	0	-
assistente-pessoal	2026-09-05T11:04:44Z	0	plan-review	data-export-phase-3-the-button	2	R-COH-VALIDATE-FORBIDDEN-GREP-SCOPE	1	blocking	0	-
assistente-pessoal	2026-09-05T11:04:44Z	0	plan-review	data-export-phase-3-the-button	2	R-COH-VALIDATE-FRAMEWORK-MISMATCH	1	blocking	0	-
assistente-pessoal	2026-09-05T11:04:44Z	0	plan-review	data-export-phase-3-the-button	2	R-COH-VALIDATE-PATTERN-UNGROUNDED	1	blocking	0	-
assistente-pessoal	2026-09-05T11:04:44Z	0	plan-review	data-export-phase-3-the-button	2	R-COH-VALIDATE-SEARCH-AMBIGUOUS	1	blocking	0	-
assistente-pessoal	2026-09-05T11:04:44Z	0	plan-review	data-export-phase-3-the-button	2	R1	1	blocking	0	-
assistente-pessoal	2026-09-05T11:04:44Z	0	plan-review	data-export-phase-3-the-button	2	R2	1	blocking	0	-
assistente-pessoal	2026-09-05T11:04:44Z	0	plan-review	data-export-phase-3-the-button	2	R3	1	blocking	0	-
assistente-pessoal	2026-09-05T11:04:44Z	0	plan-review	data-export-phase-3-the-button	2	R4	1	blocking	0	-
assistente-pessoal	2026-09-05T11:04:44Z	0	plan-review	data-export-phase-3-the-button	2	R5	1	blocking	0	-
assistente-pessoal	2026-09-05T11:04:44Z	0	plan-review	data-export-phase-3-the-button	2	R6	1	blocking	0	-
assistente-pessoal	2026-09-05T11:04:44Z	0	plan-review	data-export-phase-3-the-button	2	R7	1	blocking	0	-
assistente-pessoal	2026-09-05T11:04:44Z	0	plan-review	data-export-phase-3-the-button	2	R8	1	blocking	0	-
assistente-pessoal	2026-09-07T02:06:14Z	0	plan-review	data-export-phase-4-the-unattended-copy	1	R-COH-ACTION-VALIDATE-CONTRADICTION	1	blocking	0	-
assistente-pessoal	2026-09-07T02:06:14Z	0	plan-review	data-export-phase-4-the-unattended-copy	1	R-COH-FILES-UNTOUCHED	1	blocking	0	-
assistente-pessoal	2026-09-07T02:06:14Z	0	plan-review	data-export-phase-4-the-unattended-copy	1	R-COH-MANDATORY-READING-MISSING	1	advisory	0	-
assistente-pessoal	2026-09-07T02:06:14Z	0	plan-review	data-export-phase-4-the-unattended-copy	1	R-COH-PATTERN-SOURCE-MISSING	1	advisory	0	-
assistente-pessoal	2026-09-07T02:06:14Z	0	plan-review	data-export-phase-4-the-unattended-copy	1	R-COH-TASK-AC-MISSING	1	blocking	0	-
assistente-pessoal	2026-09-07T02:06:14Z	0	plan-review	data-export-phase-4-the-unattended-copy	1	R-COH-VALIDATE-ALWAYS-PASS	1	blocking	0	-
assistente-pessoal	2026-09-07T02:06:14Z	0	plan-review	data-export-phase-4-the-unattended-copy	1	R-COH-VALIDATE-FORBIDDEN-GREP-SCOPE	1	blocking	0	-
assistente-pessoal	2026-09-07T02:06:14Z	0	plan-review	data-export-phase-4-the-unattended-copy	1	R-COH-VALIDATE-FRAMEWORK-MISMATCH	1	blocking	0	-
assistente-pessoal	2026-09-07T02:06:14Z	0	plan-review	data-export-phase-4-the-unattended-copy	1	R-COH-VALIDATE-PATTERN-UNGROUNDED	1	blocking	0	-
assistente-pessoal	2026-09-07T02:06:14Z	0	plan-review	data-export-phase-4-the-unattended-copy	1	R-COH-VALIDATE-SEARCH-AMBIGUOUS	1	blocking	0	-
assistente-pessoal	2026-09-07T02:06:14Z	0	plan-review	data-export-phase-4-the-unattended-copy	1	R1	1	blocking	0	-
assistente-pessoal	2026-09-07T02:06:14Z	0	plan-review	data-export-phase-4-the-unattended-copy	1	R2	1	blocking	0	-
assistente-pessoal	2026-09-07T02:06:14Z	0	plan-review	data-export-phase-4-the-unattended-copy	1	R3	1	blocking	0	-
assistente-pessoal	2026-09-07T02:06:14Z	0	plan-review	data-export-phase-4-the-unattended-copy	1	R4	1	blocking	0	-
assistente-pessoal	2026-09-07T02:06:14Z	0	plan-review	data-export-phase-4-the-unattended-copy	1	R5	1	blocking	0	-
assistente-pessoal	2026-09-07T02:06:14Z	0	plan-review	data-export-phase-4-the-unattended-copy	1	R6	1	blocking	0	-
assistente-pessoal	2026-09-07T02:06:14Z	0	plan-review	data-export-phase-4-the-unattended-copy	1	R7	1	blocking	0	-
assistente-pessoal	2026-09-07T02:06:14Z	0	plan-review	data-export-phase-4-the-unattended-copy	1	R8	1	blocking	0	-
assistente-pessoal	2026-09-07T19:01:38Z	0	plan-review	push-channel-proven-phase-1-push-send-spike	1	R-COH-ACTION-VALIDATE-CONTRADICTION	1	blocking	0	-
assistente-pessoal	2026-09-07T19:01:38Z	0	plan-review	push-channel-proven-phase-1-push-send-spike	1	R-COH-FILES-UNTOUCHED	1	blocking	0	-
assistente-pessoal	2026-09-07T19:01:38Z	0	plan-review	push-channel-proven-phase-1-push-send-spike	1	R-COH-MANDATORY-READING-MISSING	1	advisory	0	-
assistente-pessoal	2026-09-07T19:01:38Z	0	plan-review	push-channel-proven-phase-1-push-send-spike	1	R-COH-PATTERN-SOURCE-MISSING	1	advisory	0	-
assistente-pessoal	2026-09-07T19:01:38Z	0	plan-review	push-channel-proven-phase-1-push-send-spike	1	R-COH-TASK-AC-MISSING	0	blocking	0	-
assistente-pessoal	2026-09-07T19:01:38Z	0	plan-review	push-channel-proven-phase-1-push-send-spike	1	R-COH-VALIDATE-ALWAYS-PASS	1	blocking	0	-
assistente-pessoal	2026-09-07T19:01:38Z	0	plan-review	push-channel-proven-phase-1-push-send-spike	1	R-COH-VALIDATE-FORBIDDEN-GREP-SCOPE	1	blocking	0	-
assistente-pessoal	2026-09-07T19:01:38Z	0	plan-review	push-channel-proven-phase-1-push-send-spike	1	R-COH-VALIDATE-FRAMEWORK-MISMATCH	1	blocking	0	-
assistente-pessoal	2026-09-07T19:01:38Z	0	plan-review	push-channel-proven-phase-1-push-send-spike	1	R-COH-VALIDATE-PATTERN-UNGROUNDED	1	blocking	0	-
assistente-pessoal	2026-09-07T19:01:38Z	0	plan-review	push-channel-proven-phase-1-push-send-spike	1	R-COH-VALIDATE-SEARCH-AMBIGUOUS	1	blocking	0	-
assistente-pessoal	2026-09-07T19:01:38Z	0	plan-review	push-channel-proven-phase-1-push-send-spike	1	R1	1	blocking	0	-
assistente-pessoal	2026-09-07T19:01:38Z	0	plan-review	push-channel-proven-phase-1-push-send-spike	1	R2	1	blocking	0	-
assistente-pessoal	2026-09-07T19:01:38Z	0	plan-review	push-channel-proven-phase-1-push-send-spike	1	R3	0	blocking	0	-
assistente-pessoal	2026-09-07T19:01:38Z	0	plan-review	push-channel-proven-phase-1-push-send-spike	1	R4	1	blocking	0	-
assistente-pessoal	2026-09-07T19:01:38Z	0	plan-review	push-channel-proven-phase-1-push-send-spike	1	R5	1	blocking	0	-
assistente-pessoal	2026-09-07T19:01:38Z	0	plan-review	push-channel-proven-phase-1-push-send-spike	1	R6	1	blocking	0	-
assistente-pessoal	2026-09-07T19:01:38Z	0	plan-review	push-channel-proven-phase-1-push-send-spike	1	R7	1	blocking	0	-
assistente-pessoal	2026-09-07T19:01:38Z	0	plan-review	push-channel-proven-phase-1-push-send-spike	1	R8	1	blocking	0	-
assistente-pessoal	2026-09-07T19:07:45Z	0	plan-review	push-channel-proven-phase-1-push-send-spike	2	R-COH-ACTION-VALIDATE-CONTRADICTION	1	blocking	0	-
assistente-pessoal	2026-09-07T19:07:45Z	0	plan-review	push-channel-proven-phase-1-push-send-spike	2	R-COH-FILES-UNTOUCHED	1	blocking	0	-
assistente-pessoal	2026-09-07T19:07:45Z	0	plan-review	push-channel-proven-phase-1-push-send-spike	2	R-COH-MANDATORY-READING-MISSING	1	advisory	0	-
assistente-pessoal	2026-09-07T19:07:45Z	0	plan-review	push-channel-proven-phase-1-push-send-spike	2	R-COH-PATTERN-SOURCE-MISSING	1	advisory	0	-
assistente-pessoal	2026-09-07T19:07:45Z	0	plan-review	push-channel-proven-phase-1-push-send-spike	2	R-COH-TASK-AC-MISSING	1	blocking	0	-
assistente-pessoal	2026-09-07T19:07:45Z	0	plan-review	push-channel-proven-phase-1-push-send-spike	2	R-COH-VALIDATE-ALWAYS-PASS	1	blocking	0	-
assistente-pessoal	2026-09-07T19:07:45Z	0	plan-review	push-channel-proven-phase-1-push-send-spike	2	R-COH-VALIDATE-FORBIDDEN-GREP-SCOPE	1	blocking	0	-
assistente-pessoal	2026-09-07T19:07:45Z	0	plan-review	push-channel-proven-phase-1-push-send-spike	2	R-COH-VALIDATE-FRAMEWORK-MISMATCH	1	blocking	0	-
assistente-pessoal	2026-09-07T19:07:45Z	0	plan-review	push-channel-proven-phase-1-push-send-spike	2	R-COH-VALIDATE-PATTERN-UNGROUNDED	1	blocking	0	-
assistente-pessoal	2026-09-07T19:07:45Z	0	plan-review	push-channel-proven-phase-1-push-send-spike	2	R-COH-VALIDATE-SEARCH-AMBIGUOUS	1	blocking	0	-
assistente-pessoal	2026-09-07T19:07:45Z	0	plan-review	push-channel-proven-phase-1-push-send-spike	2	R1	1	blocking	0	-
assistente-pessoal	2026-09-07T19:07:45Z	0	plan-review	push-channel-proven-phase-1-push-send-spike	2	R2	1	blocking	0	-
assistente-pessoal	2026-09-07T19:07:45Z	0	plan-review	push-channel-proven-phase-1-push-send-spike	2	R3	1	blocking	0	-
assistente-pessoal	2026-09-07T19:07:45Z	0	plan-review	push-channel-proven-phase-1-push-send-spike	2	R4	1	blocking	0	-
assistente-pessoal	2026-09-07T19:07:45Z	0	plan-review	push-channel-proven-phase-1-push-send-spike	2	R5	1	blocking	0	-
assistente-pessoal	2026-09-07T19:07:45Z	0	plan-review	push-channel-proven-phase-1-push-send-spike	2	R6	1	blocking	0	-
assistente-pessoal	2026-09-07T19:07:45Z	0	plan-review	push-channel-proven-phase-1-push-send-spike	2	R7	1	blocking	0	-
assistente-pessoal	2026-09-07T19:07:45Z	0	plan-review	push-channel-proven-phase-1-push-send-spike	2	R8	0	blocking	0	-
assistente-pessoal	2026-09-07T19:16:44Z	0	plan-review	push-channel-proven-phase-1-push-send-spike	3	R-COH-ACTION-VALIDATE-CONTRADICTION	1	blocking	0	-
assistente-pessoal	2026-09-07T19:16:44Z	0	plan-review	push-channel-proven-phase-1-push-send-spike	3	R-COH-FILES-UNTOUCHED	1	blocking	0	-
assistente-pessoal	2026-09-07T19:16:44Z	0	plan-review	push-channel-proven-phase-1-push-send-spike	3	R-COH-MANDATORY-READING-MISSING	1	advisory	0	-
assistente-pessoal	2026-09-07T19:16:44Z	0	plan-review	push-channel-proven-phase-1-push-send-spike	3	R-COH-PATTERN-SOURCE-MISSING	1	advisory	0	-
assistente-pessoal	2026-09-07T19:16:44Z	0	plan-review	push-channel-proven-phase-1-push-send-spike	3	R-COH-TASK-AC-MISSING	1	blocking	0	-
assistente-pessoal	2026-09-07T19:16:44Z	0	plan-review	push-channel-proven-phase-1-push-send-spike	3	R-COH-VALIDATE-ALWAYS-PASS	1	blocking	0	-
assistente-pessoal	2026-09-07T19:16:44Z	0	plan-review	push-channel-proven-phase-1-push-send-spike	3	R-COH-VALIDATE-FORBIDDEN-GREP-SCOPE	1	blocking	0	-
assistente-pessoal	2026-09-07T19:16:44Z	0	plan-review	push-channel-proven-phase-1-push-send-spike	3	R-COH-VALIDATE-FRAMEWORK-MISMATCH	1	blocking	0	-
assistente-pessoal	2026-09-07T19:16:44Z	0	plan-review	push-channel-proven-phase-1-push-send-spike	3	R-COH-VALIDATE-PATTERN-UNGROUNDED	0	blocking	0	-
assistente-pessoal	2026-09-07T19:16:44Z	0	plan-review	push-channel-proven-phase-1-push-send-spike	3	R-COH-VALIDATE-SEARCH-AMBIGUOUS	1	blocking	0	-
assistente-pessoal	2026-09-07T19:16:44Z	0	plan-review	push-channel-proven-phase-1-push-send-spike	3	R1	1	blocking	0	-
assistente-pessoal	2026-09-07T19:16:44Z	0	plan-review	push-channel-proven-phase-1-push-send-spike	3	R2	1	blocking	0	-
assistente-pessoal	2026-09-07T19:16:44Z	0	plan-review	push-channel-proven-phase-1-push-send-spike	3	R3	1	blocking	0	-
assistente-pessoal	2026-09-07T19:16:44Z	0	plan-review	push-channel-proven-phase-1-push-send-spike	3	R4	1	blocking	0	-
assistente-pessoal	2026-09-07T19:16:44Z	0	plan-review	push-channel-proven-phase-1-push-send-spike	3	R5	1	blocking	0	-
assistente-pessoal	2026-09-07T19:16:44Z	0	plan-review	push-channel-proven-phase-1-push-send-spike	3	R6	1	blocking	0	-
assistente-pessoal	2026-09-07T19:16:44Z	0	plan-review	push-channel-proven-phase-1-push-send-spike	3	R7	1	blocking	0	-
assistente-pessoal	2026-09-07T19:16:44Z	0	plan-review	push-channel-proven-phase-1-push-send-spike	3	R8	1	blocking	0	-
assistente-pessoal	2026-09-07T19:25:21Z	0	plan-review	push-channel-proven-phase-1-push-send-spike	4	R-COH-ACTION-VALIDATE-CONTRADICTION	1	blocking	0	-
assistente-pessoal	2026-09-07T19:25:21Z	0	plan-review	push-channel-proven-phase-1-push-send-spike	4	R-COH-FILES-UNTOUCHED	1	blocking	0	-
assistente-pessoal	2026-09-07T19:25:21Z	0	plan-review	push-channel-proven-phase-1-push-send-spike	4	R-COH-MANDATORY-READING-MISSING	1	advisory	0	-
assistente-pessoal	2026-09-07T19:25:21Z	0	plan-review	push-channel-proven-phase-1-push-send-spike	4	R-COH-PATTERN-SOURCE-MISSING	1	advisory	0	-
assistente-pessoal	2026-09-07T19:25:21Z	0	plan-review	push-channel-proven-phase-1-push-send-spike	4	R-COH-TASK-AC-MISSING	1	blocking	0	-
assistente-pessoal	2026-09-07T19:25:21Z	0	plan-review	push-channel-proven-phase-1-push-send-spike	4	R-COH-VALIDATE-ALWAYS-PASS	1	blocking	0	-
assistente-pessoal	2026-09-07T19:25:21Z	0	plan-review	push-channel-proven-phase-1-push-send-spike	4	R-COH-VALIDATE-FORBIDDEN-GREP-SCOPE	1	blocking	0	-
assistente-pessoal	2026-09-07T19:25:21Z	0	plan-review	push-channel-proven-phase-1-push-send-spike	4	R-COH-VALIDATE-FRAMEWORK-MISMATCH	1	blocking	0	-
assistente-pessoal	2026-09-07T19:25:21Z	0	plan-review	push-channel-proven-phase-1-push-send-spike	4	R-COH-VALIDATE-PATTERN-UNGROUNDED	1	blocking	0	-
assistente-pessoal	2026-09-07T19:25:21Z	0	plan-review	push-channel-proven-phase-1-push-send-spike	4	R-COH-VALIDATE-SEARCH-AMBIGUOUS	1	blocking	0	-
assistente-pessoal	2026-09-07T19:25:21Z	0	plan-review	push-channel-proven-phase-1-push-send-spike	4	R1	1	blocking	0	-
assistente-pessoal	2026-09-07T19:25:21Z	0	plan-review	push-channel-proven-phase-1-push-send-spike	4	R2	1	blocking	0	-
assistente-pessoal	2026-09-07T19:25:21Z	0	plan-review	push-channel-proven-phase-1-push-send-spike	4	R3	1	blocking	0	-
assistente-pessoal	2026-09-07T19:25:21Z	0	plan-review	push-channel-proven-phase-1-push-send-spike	4	R4	1	blocking	0	-
assistente-pessoal	2026-09-07T19:25:21Z	0	plan-review	push-channel-proven-phase-1-push-send-spike	4	R5	1	blocking	0	-
assistente-pessoal	2026-09-07T19:25:21Z	0	plan-review	push-channel-proven-phase-1-push-send-spike	4	R6	1	blocking	0	-
assistente-pessoal	2026-09-07T19:25:21Z	0	plan-review	push-channel-proven-phase-1-push-send-spike	4	R7	1	blocking	0	-
assistente-pessoal	2026-09-07T19:25:21Z	0	plan-review	push-channel-proven-phase-1-push-send-spike	4	R8	1	blocking	0	-
assistente-pessoal	2026-09-07T20:48:45Z	0	plan-review	push-channel-proven-phase-2-subscription-lifecycle	1	R-COH-ACTION-VALIDATE-CONTRADICTION	1	blocking	0	-
assistente-pessoal	2026-09-07T20:48:45Z	0	plan-review	push-channel-proven-phase-2-subscription-lifecycle	1	R-COH-FILES-UNTOUCHED	1	blocking	0	-
assistente-pessoal	2026-09-07T20:48:45Z	0	plan-review	push-channel-proven-phase-2-subscription-lifecycle	1	R-COH-MANDATORY-READING-MISSING	1	advisory	0	-
assistente-pessoal	2026-09-07T20:48:45Z	0	plan-review	push-channel-proven-phase-2-subscription-lifecycle	1	R-COH-PATTERN-SOURCE-MISSING	1	advisory	0	-
assistente-pessoal	2026-09-07T20:48:45Z	0	plan-review	push-channel-proven-phase-2-subscription-lifecycle	1	R-COH-TASK-AC-MISSING	1	blocking	0	-
assistente-pessoal	2026-09-07T20:48:45Z	0	plan-review	push-channel-proven-phase-2-subscription-lifecycle	1	R-COH-VALIDATE-ALWAYS-PASS	1	blocking	0	-
assistente-pessoal	2026-09-07T20:48:45Z	0	plan-review	push-channel-proven-phase-2-subscription-lifecycle	1	R-COH-VALIDATE-FORBIDDEN-GREP-SCOPE	1	blocking	0	-
assistente-pessoal	2026-09-07T20:48:45Z	0	plan-review	push-channel-proven-phase-2-subscription-lifecycle	1	R-COH-VALIDATE-FRAMEWORK-MISMATCH	1	blocking	0	-
assistente-pessoal	2026-09-07T20:48:45Z	0	plan-review	push-channel-proven-phase-2-subscription-lifecycle	1	R-COH-VALIDATE-PATTERN-UNGROUNDED	1	blocking	0	-
assistente-pessoal	2026-09-07T20:48:45Z	0	plan-review	push-channel-proven-phase-2-subscription-lifecycle	1	R-COH-VALIDATE-SEARCH-AMBIGUOUS	1	blocking	0	-
assistente-pessoal	2026-09-07T20:48:45Z	0	plan-review	push-channel-proven-phase-2-subscription-lifecycle	1	R1	1	blocking	0	-
assistente-pessoal	2026-09-07T20:48:45Z	0	plan-review	push-channel-proven-phase-2-subscription-lifecycle	1	R2	1	blocking	0	-
assistente-pessoal	2026-09-07T20:48:45Z	0	plan-review	push-channel-proven-phase-2-subscription-lifecycle	1	R3	1	blocking	0	-
assistente-pessoal	2026-09-07T20:48:45Z	0	plan-review	push-channel-proven-phase-2-subscription-lifecycle	1	R4	1	blocking	0	-
assistente-pessoal	2026-09-07T20:48:45Z	0	plan-review	push-channel-proven-phase-2-subscription-lifecycle	1	R5	1	blocking	0	-
assistente-pessoal	2026-09-07T20:48:45Z	0	plan-review	push-channel-proven-phase-2-subscription-lifecycle	1	R6	1	blocking	0	-
assistente-pessoal	2026-09-07T20:48:45Z	0	plan-review	push-channel-proven-phase-2-subscription-lifecycle	1	R7	1	blocking	0	-
assistente-pessoal	2026-09-07T20:48:45Z	0	plan-review	push-channel-proven-phase-2-subscription-lifecycle	1	R8	1	blocking	0	-
assistente-pessoal	2026-09-07T21:48:23Z	0	plan-review	push-channel-proven-phase-3-cron-heartbeat	1	R-COH-ACTION-VALIDATE-CONTRADICTION	1	blocking	0	-
assistente-pessoal	2026-09-07T21:48:23Z	0	plan-review	push-channel-proven-phase-3-cron-heartbeat	1	R-COH-FILES-UNTOUCHED	1	blocking	0	-
assistente-pessoal	2026-09-07T21:48:23Z	0	plan-review	push-channel-proven-phase-3-cron-heartbeat	1	R-COH-MANDATORY-READING-MISSING	1	advisory	0	-
assistente-pessoal	2026-09-07T21:48:23Z	0	plan-review	push-channel-proven-phase-3-cron-heartbeat	1	R-COH-OTHER-INTERNAL-CONTRADICTION	0	blocking	1	-
assistente-pessoal	2026-09-07T21:48:23Z	0	plan-review	push-channel-proven-phase-3-cron-heartbeat	1	R-COH-PATTERN-SOURCE-MISSING	1	advisory	0	-
assistente-pessoal	2026-09-07T21:48:23Z	0	plan-review	push-channel-proven-phase-3-cron-heartbeat	1	R-COH-SUMMARY-TASKS-DRIFT	0	advisory	0	-
assistente-pessoal	2026-09-07T21:48:23Z	0	plan-review	push-channel-proven-phase-3-cron-heartbeat	1	R-COH-TASK-AC-MISSING	1	blocking	0	-
assistente-pessoal	2026-09-07T21:48:23Z	0	plan-review	push-channel-proven-phase-3-cron-heartbeat	1	R-COH-VALIDATE-ALWAYS-PASS	1	blocking	0	-
assistente-pessoal	2026-09-07T21:48:23Z	0	plan-review	push-channel-proven-phase-3-cron-heartbeat	1	R-COH-VALIDATE-FORBIDDEN-GREP-SCOPE	1	blocking	0	-
assistente-pessoal	2026-09-07T21:48:23Z	0	plan-review	push-channel-proven-phase-3-cron-heartbeat	1	R-COH-VALIDATE-FRAMEWORK-MISMATCH	1	blocking	0	-
assistente-pessoal	2026-09-07T21:48:23Z	0	plan-review	push-channel-proven-phase-3-cron-heartbeat	1	R-COH-VALIDATE-PATTERN-UNGROUNDED	1	blocking	0	-
assistente-pessoal	2026-09-07T21:48:23Z	0	plan-review	push-channel-proven-phase-3-cron-heartbeat	1	R-COH-VALIDATE-SEARCH-AMBIGUOUS	1	blocking	0	-
assistente-pessoal	2026-09-07T21:48:23Z	0	plan-review	push-channel-proven-phase-3-cron-heartbeat	1	R1	1	blocking	0	-
assistente-pessoal	2026-09-07T21:48:23Z	0	plan-review	push-channel-proven-phase-3-cron-heartbeat	1	R2	1	blocking	0	-
assistente-pessoal	2026-09-07T21:48:23Z	0	plan-review	push-channel-proven-phase-3-cron-heartbeat	1	R3	1	blocking	0	-
assistente-pessoal	2026-09-07T21:48:23Z	0	plan-review	push-channel-proven-phase-3-cron-heartbeat	1	R4	1	blocking	0	-
assistente-pessoal	2026-09-07T21:48:23Z	0	plan-review	push-channel-proven-phase-3-cron-heartbeat	1	R5	1	blocking	0	-
assistente-pessoal	2026-09-07T21:48:23Z	0	plan-review	push-channel-proven-phase-3-cron-heartbeat	1	R6	1	blocking	0	-
assistente-pessoal	2026-09-07T21:48:23Z	0	plan-review	push-channel-proven-phase-3-cron-heartbeat	1	R7	1	blocking	0	-
assistente-pessoal	2026-09-07T21:48:23Z	0	plan-review	push-channel-proven-phase-3-cron-heartbeat	1	R8	1	blocking	0	-
assistente-pessoal	2026-09-07T21:48:23Z	0	plan-review	push-channel-proven-phase-3-cron-heartbeat	1	R8a	1	blocking	0	-
assistente-pessoal	2026-09-07T21:48:23Z	0	plan-review	push-channel-proven-phase-3-cron-heartbeat	1	R8b	1	blocking	0	-
assistente-pessoal	2026-09-07T21:48:23Z	0	plan-review	push-channel-proven-phase-3-cron-heartbeat	1	R8c	1	blocking	0	-
assistente-pessoal	2026-09-07T21:55:12Z	0	plan-review	push-channel-proven-phase-3-cron-heartbeat	2	R-COH-ACTION-VALIDATE-CONTRADICTION	1	blocking	0	-
assistente-pessoal	2026-09-07T21:55:12Z	0	plan-review	push-channel-proven-phase-3-cron-heartbeat	2	R-COH-FILES-UNTOUCHED	1	blocking	0	-
assistente-pessoal	2026-09-07T21:55:12Z	0	plan-review	push-channel-proven-phase-3-cron-heartbeat	2	R-COH-MANDATORY-READING-MISSING	1	advisory	0	-
assistente-pessoal	2026-09-07T21:55:12Z	0	plan-review	push-channel-proven-phase-3-cron-heartbeat	2	R-COH-OTHER-INTERNAL-CONTRADICTION	0	advisory	0	-
assistente-pessoal	2026-09-07T21:55:12Z	0	plan-review	push-channel-proven-phase-3-cron-heartbeat	2	R-COH-PATTERN-SOURCE-MISSING	1	advisory	0	-
assistente-pessoal	2026-09-07T21:55:12Z	0	plan-review	push-channel-proven-phase-3-cron-heartbeat	2	R-COH-TASK-AC-MISSING	1	blocking	0	-
assistente-pessoal	2026-09-07T21:55:12Z	0	plan-review	push-channel-proven-phase-3-cron-heartbeat	2	R-COH-VALIDATE-ALWAYS-PASS	1	blocking	0	-
assistente-pessoal	2026-09-07T21:55:12Z	0	plan-review	push-channel-proven-phase-3-cron-heartbeat	2	R-COH-VALIDATE-FORBIDDEN-GREP-SCOPE	1	blocking	0	-
assistente-pessoal	2026-09-07T21:55:12Z	0	plan-review	push-channel-proven-phase-3-cron-heartbeat	2	R-COH-VALIDATE-FRAMEWORK-MISMATCH	1	blocking	0	-
assistente-pessoal	2026-09-07T21:55:12Z	0	plan-review	push-channel-proven-phase-3-cron-heartbeat	2	R-COH-VALIDATE-PATTERN-UNGROUNDED	1	blocking	0	-
assistente-pessoal	2026-09-07T21:55:12Z	0	plan-review	push-channel-proven-phase-3-cron-heartbeat	2	R-COH-VALIDATE-SEARCH-AMBIGUOUS	1	blocking	0	-
assistente-pessoal	2026-09-07T21:55:12Z	0	plan-review	push-channel-proven-phase-3-cron-heartbeat	2	R1	1	blocking	0	-
assistente-pessoal	2026-09-07T21:55:12Z	0	plan-review	push-channel-proven-phase-3-cron-heartbeat	2	R2	1	blocking	0	-
assistente-pessoal	2026-09-07T21:55:12Z	0	plan-review	push-channel-proven-phase-3-cron-heartbeat	2	R3	1	blocking	0	-
assistente-pessoal	2026-09-07T21:55:12Z	0	plan-review	push-channel-proven-phase-3-cron-heartbeat	2	R4	1	blocking	0	-
assistente-pessoal	2026-09-07T21:55:12Z	0	plan-review	push-channel-proven-phase-3-cron-heartbeat	2	R5	1	blocking	0	-
assistente-pessoal	2026-09-07T21:55:12Z	0	plan-review	push-channel-proven-phase-3-cron-heartbeat	2	R6	1	blocking	0	-
assistente-pessoal	2026-09-07T21:55:12Z	0	plan-review	push-channel-proven-phase-3-cron-heartbeat	2	R7	1	blocking	0	-
assistente-pessoal	2026-09-07T21:55:12Z	0	plan-review	push-channel-proven-phase-3-cron-heartbeat	2	R8	1	blocking	0	-
assistente-pessoal	2026-09-07T21:55:12Z	0	plan-review	push-channel-proven-phase-3-cron-heartbeat	2	R8a	1	blocking	0	-
assistente-pessoal	2026-09-07T21:55:12Z	0	plan-review	push-channel-proven-phase-3-cron-heartbeat	2	R8b	1	blocking	0	-
assistente-pessoal	2026-09-07T21:55:12Z	0	plan-review	push-channel-proven-phase-3-cron-heartbeat	2	R8c	1	blocking	0	-
assistente-pessoal	2026-09-07T23:23:29Z	0	plan-review	push-channel-proven-phase-4-notifications-settings	1	R-COH-ACTION-VALIDATE-CONTRADICTION	1	blocking	0	-
assistente-pessoal	2026-09-07T23:23:29Z	0	plan-review	push-channel-proven-phase-4-notifications-settings	1	R-COH-FILES-UNTOUCHED	1	blocking	0	-
assistente-pessoal	2026-09-07T23:23:29Z	0	plan-review	push-channel-proven-phase-4-notifications-settings	1	R-COH-MANDATORY-READING-MISSING	1	advisory	0	-
assistente-pessoal	2026-09-07T23:23:29Z	0	plan-review	push-channel-proven-phase-4-notifications-settings	1	R-COH-PATTERN-SOURCE-MISSING	1	advisory	0	-
assistente-pessoal	2026-09-07T23:23:29Z	0	plan-review	push-channel-proven-phase-4-notifications-settings	1	R-COH-TASK-AC-MISSING	1	blocking	0	-
assistente-pessoal	2026-09-07T23:23:29Z	0	plan-review	push-channel-proven-phase-4-notifications-settings	1	R-COH-VALIDATE-ALWAYS-PASS	1	blocking	0	-
assistente-pessoal	2026-09-07T23:23:29Z	0	plan-review	push-channel-proven-phase-4-notifications-settings	1	R-COH-VALIDATE-FORBIDDEN-GREP-SCOPE	1	blocking	0	-
assistente-pessoal	2026-09-07T23:23:29Z	0	plan-review	push-channel-proven-phase-4-notifications-settings	1	R-COH-VALIDATE-FRAMEWORK-MISMATCH	1	blocking	0	-
assistente-pessoal	2026-09-07T23:23:29Z	0	plan-review	push-channel-proven-phase-4-notifications-settings	1	R-COH-VALIDATE-PATTERN-UNGROUNDED	1	blocking	0	-
assistente-pessoal	2026-09-07T23:23:29Z	0	plan-review	push-channel-proven-phase-4-notifications-settings	1	R-COH-VALIDATE-SEARCH-AMBIGUOUS	1	blocking	0	-
assistente-pessoal	2026-09-07T23:23:29Z	0	plan-review	push-channel-proven-phase-4-notifications-settings	1	R1	1	blocking	0	-
assistente-pessoal	2026-09-07T23:23:29Z	0	plan-review	push-channel-proven-phase-4-notifications-settings	1	R2	1	blocking	0	-
assistente-pessoal	2026-09-07T23:23:29Z	0	plan-review	push-channel-proven-phase-4-notifications-settings	1	R3	1	blocking	0	-
assistente-pessoal	2026-09-07T23:23:29Z	0	plan-review	push-channel-proven-phase-4-notifications-settings	1	R4	1	blocking	0	-
assistente-pessoal	2026-09-07T23:23:29Z	0	plan-review	push-channel-proven-phase-4-notifications-settings	1	R5	1	blocking	0	-
assistente-pessoal	2026-09-07T23:23:29Z	0	plan-review	push-channel-proven-phase-4-notifications-settings	1	R6	1	blocking	0	-
assistente-pessoal	2026-09-07T23:23:29Z	0	plan-review	push-channel-proven-phase-4-notifications-settings	1	R7	1	blocking	0	-
assistente-pessoal	2026-09-07T23:23:29Z	0	plan-review	push-channel-proven-phase-4-notifications-settings	1	R8	1	blocking	0	-
assistente-pessoal	2026-09-07T23:50:33Z	0	plan-review	push-channel-proven-phase-4-notifications-settings	2	R-COH-ACTION-VALIDATE-CONTRADICTION	1	blocking	0	-
assistente-pessoal	2026-09-07T23:50:33Z	0	plan-review	push-channel-proven-phase-4-notifications-settings	2	R-COH-FILES-UNTOUCHED	1	blocking	0	-
assistente-pessoal	2026-09-07T23:50:33Z	0	plan-review	push-channel-proven-phase-4-notifications-settings	2	R-COH-MANDATORY-READING-MISSING	1	advisory	0	-
assistente-pessoal	2026-09-07T23:50:33Z	0	plan-review	push-channel-proven-phase-4-notifications-settings	2	R-COH-OTHER-INTERNAL-CONTRADICTION	0	blocking	1	-
assistente-pessoal	2026-09-07T23:50:33Z	0	plan-review	push-channel-proven-phase-4-notifications-settings	2	R-COH-OTHER-INTERNAL-CONTRADICTION	0	blocking	1	-
assistente-pessoal	2026-09-07T23:50:33Z	0	plan-review	push-channel-proven-phase-4-notifications-settings	2	R-COH-PATTERN-SOURCE-MISSING	1	advisory	0	-
assistente-pessoal	2026-09-07T23:50:33Z	0	plan-review	push-channel-proven-phase-4-notifications-settings	2	R-COH-TASK-AC-MISSING	1	blocking	0	-
assistente-pessoal	2026-09-07T23:50:33Z	0	plan-review	push-channel-proven-phase-4-notifications-settings	2	R-COH-VALIDATE-ALWAYS-PASS	1	blocking	0	-
assistente-pessoal	2026-09-07T23:50:33Z	0	plan-review	push-channel-proven-phase-4-notifications-settings	2	R-COH-VALIDATE-FORBIDDEN-GREP-SCOPE	1	blocking	0	-
assistente-pessoal	2026-09-07T23:50:33Z	0	plan-review	push-channel-proven-phase-4-notifications-settings	2	R-COH-VALIDATE-FRAMEWORK-MISMATCH	1	blocking	0	-
assistente-pessoal	2026-09-07T23:50:33Z	0	plan-review	push-channel-proven-phase-4-notifications-settings	2	R-COH-VALIDATE-PATTERN-UNGROUNDED	1	blocking	0	-
assistente-pessoal	2026-09-07T23:50:33Z	0	plan-review	push-channel-proven-phase-4-notifications-settings	2	R-COH-VALIDATE-SEARCH-AMBIGUOUS	1	blocking	0	-
assistente-pessoal	2026-09-07T23:50:33Z	0	plan-review	push-channel-proven-phase-4-notifications-settings	2	R1	1	blocking	0	-
assistente-pessoal	2026-09-07T23:50:33Z	0	plan-review	push-channel-proven-phase-4-notifications-settings	2	R2	1	blocking	0	-
assistente-pessoal	2026-09-07T23:50:33Z	0	plan-review	push-channel-proven-phase-4-notifications-settings	2	R3	1	blocking	0	-
assistente-pessoal	2026-09-07T23:50:33Z	0	plan-review	push-channel-proven-phase-4-notifications-settings	2	R4	1	blocking	0	-
assistente-pessoal	2026-09-07T23:50:33Z	0	plan-review	push-channel-proven-phase-4-notifications-settings	2	R5	1	blocking	0	-
assistente-pessoal	2026-09-07T23:50:33Z	0	plan-review	push-channel-proven-phase-4-notifications-settings	2	R6	1	blocking	0	-
assistente-pessoal	2026-09-07T23:50:33Z	0	plan-review	push-channel-proven-phase-4-notifications-settings	2	R7	1	blocking	0	-
assistente-pessoal	2026-09-07T23:50:33Z	0	plan-review	push-channel-proven-phase-4-notifications-settings	2	R8	1	blocking	0	-
assistente-pessoal	2026-09-07T23:59:55Z	0	plan-review	push-channel-proven-phase-4-notifications-settings	3	R-COH-ACTION-VALIDATE-CONTRADICTION	1	blocking	0	-
assistente-pessoal	2026-09-07T23:59:55Z	0	plan-review	push-channel-proven-phase-4-notifications-settings	3	R-COH-FILES-UNTOUCHED	1	blocking	0	-
assistente-pessoal	2026-09-07T23:59:55Z	0	plan-review	push-channel-proven-phase-4-notifications-settings	3	R-COH-MANDATORY-READING-MISSING	1	advisory	0	-
assistente-pessoal	2026-09-07T23:59:55Z	0	plan-review	push-channel-proven-phase-4-notifications-settings	3	R-COH-PATTERN-SOURCE-MISSING	1	advisory	0	-
assistente-pessoal	2026-09-07T23:59:55Z	0	plan-review	push-channel-proven-phase-4-notifications-settings	3	R-COH-TASK-AC-MISSING	1	blocking	0	-
assistente-pessoal	2026-09-07T23:59:55Z	0	plan-review	push-channel-proven-phase-4-notifications-settings	3	R-COH-VALIDATE-ALWAYS-PASS	1	blocking	0	-
assistente-pessoal	2026-09-07T23:59:55Z	0	plan-review	push-channel-proven-phase-4-notifications-settings	3	R-COH-VALIDATE-FORBIDDEN-GREP-SCOPE	1	blocking	0	-
assistente-pessoal	2026-09-07T23:59:55Z	0	plan-review	push-channel-proven-phase-4-notifications-settings	3	R-COH-VALIDATE-FRAMEWORK-MISMATCH	1	blocking	0	-
assistente-pessoal	2026-09-07T23:59:55Z	0	plan-review	push-channel-proven-phase-4-notifications-settings	3	R-COH-VALIDATE-PATTERN-UNGROUNDED	1	blocking	0	-
assistente-pessoal	2026-09-07T23:59:55Z	0	plan-review	push-channel-proven-phase-4-notifications-settings	3	R-COH-VALIDATE-SEARCH-AMBIGUOUS	1	blocking	0	-
assistente-pessoal	2026-09-07T23:59:55Z	0	plan-review	push-channel-proven-phase-4-notifications-settings	3	R1	1	blocking	0	-
assistente-pessoal	2026-09-07T23:59:55Z	0	plan-review	push-channel-proven-phase-4-notifications-settings	3	R2	1	blocking	0	-
assistente-pessoal	2026-09-07T23:59:55Z	0	plan-review	push-channel-proven-phase-4-notifications-settings	3	R3	1	blocking	0	-
assistente-pessoal	2026-09-07T23:59:55Z	0	plan-review	push-channel-proven-phase-4-notifications-settings	3	R4	1	blocking	0	-
assistente-pessoal	2026-09-07T23:59:55Z	0	plan-review	push-channel-proven-phase-4-notifications-settings	3	R5	1	blocking	0	-
assistente-pessoal	2026-09-07T23:59:55Z	0	plan-review	push-channel-proven-phase-4-notifications-settings	3	R6	1	blocking	0	-
assistente-pessoal	2026-09-07T23:59:55Z	0	plan-review	push-channel-proven-phase-4-notifications-settings	3	R7	1	blocking	0	-
assistente-pessoal	2026-09-07T23:59:55Z	0	plan-review	push-channel-proven-phase-4-notifications-settings	3	R8	1	blocking	0	-
assistente-pessoal	2026-09-09T22:15:32Z	0	plan-review	reminders-phase-1-reminder-api-and-the-time-contract	1	R-COH-ACTION-VALIDATE-CONTRADICTION	1	blocking	0	-
assistente-pessoal	2026-09-09T22:15:32Z	0	plan-review	reminders-phase-1-reminder-api-and-the-time-contract	1	R-COH-FILES-UNTOUCHED	1	blocking	0	-
assistente-pessoal	2026-09-09T22:15:32Z	0	plan-review	reminders-phase-1-reminder-api-and-the-time-contract	1	R-COH-MANDATORY-READING-MISSING	1	advisory	0	-
assistente-pessoal	2026-09-09T22:15:32Z	0	plan-review	reminders-phase-1-reminder-api-and-the-time-contract	1	R-COH-OTHER-INTERNAL-CONTRADICTION	0	blocking	1	-
assistente-pessoal	2026-09-09T22:15:32Z	0	plan-review	reminders-phase-1-reminder-api-and-the-time-contract	1	R-COH-PATTERN-SOURCE-MISSING	1	advisory	0	-
assistente-pessoal	2026-09-09T22:15:32Z	0	plan-review	reminders-phase-1-reminder-api-and-the-time-contract	1	R-COH-TASK-AC-MISSING	0	blocking	0	-
assistente-pessoal	2026-09-09T22:15:32Z	0	plan-review	reminders-phase-1-reminder-api-and-the-time-contract	1	R-COH-VALIDATE-ALWAYS-PASS	1	blocking	0	-
assistente-pessoal	2026-09-09T22:15:32Z	0	plan-review	reminders-phase-1-reminder-api-and-the-time-contract	1	R-COH-VALIDATE-FORBIDDEN-GREP-SCOPE	1	blocking	0	-
assistente-pessoal	2026-09-09T22:15:32Z	0	plan-review	reminders-phase-1-reminder-api-and-the-time-contract	1	R-COH-VALIDATE-FRAMEWORK-MISMATCH	1	blocking	0	-
assistente-pessoal	2026-09-09T22:15:32Z	0	plan-review	reminders-phase-1-reminder-api-and-the-time-contract	1	R-COH-VALIDATE-PATTERN-UNGROUNDED	1	blocking	0	-
assistente-pessoal	2026-09-09T22:15:32Z	0	plan-review	reminders-phase-1-reminder-api-and-the-time-contract	1	R-COH-VALIDATE-SEARCH-AMBIGUOUS	1	blocking	0	-
assistente-pessoal	2026-09-09T22:15:32Z	0	plan-review	reminders-phase-1-reminder-api-and-the-time-contract	1	R1	1	blocking	0	-
assistente-pessoal	2026-09-09T22:15:32Z	0	plan-review	reminders-phase-1-reminder-api-and-the-time-contract	1	R2	1	blocking	0	-
assistente-pessoal	2026-09-09T22:15:32Z	0	plan-review	reminders-phase-1-reminder-api-and-the-time-contract	1	R3	1	blocking	0	-
assistente-pessoal	2026-09-09T22:15:32Z	0	plan-review	reminders-phase-1-reminder-api-and-the-time-contract	1	R4	1	blocking	0	-
assistente-pessoal	2026-09-09T22:15:32Z	0	plan-review	reminders-phase-1-reminder-api-and-the-time-contract	1	R5	1	blocking	0	-
assistente-pessoal	2026-09-09T22:15:32Z	0	plan-review	reminders-phase-1-reminder-api-and-the-time-contract	1	R6	1	blocking	0	-
assistente-pessoal	2026-09-09T22:15:32Z	0	plan-review	reminders-phase-1-reminder-api-and-the-time-contract	1	R7	1	blocking	0	-
assistente-pessoal	2026-09-09T22:15:32Z	0	plan-review	reminders-phase-1-reminder-api-and-the-time-contract	1	R8	1	blocking	0	-
assistente-pessoal	2026-09-09T22:21:42Z	0	plan-review	reminders-phase-1-reminder-api-and-the-time-contract	2	R-COH-ACTION-VALIDATE-CONTRADICTION	1	blocking	0	-
assistente-pessoal	2026-09-09T22:21:42Z	0	plan-review	reminders-phase-1-reminder-api-and-the-time-contract	2	R-COH-FILES-UNTOUCHED	1	blocking	0	-
assistente-pessoal	2026-09-09T22:21:42Z	0	plan-review	reminders-phase-1-reminder-api-and-the-time-contract	2	R-COH-MANDATORY-READING-MISSING	1	advisory	0	-
assistente-pessoal	2026-09-09T22:21:42Z	0	plan-review	reminders-phase-1-reminder-api-and-the-time-contract	2	R-COH-OTHER-INTERNAL-CONTRADICTION	1	advisory	0	-
assistente-pessoal	2026-09-09T22:21:42Z	0	plan-review	reminders-phase-1-reminder-api-and-the-time-contract	2	R-COH-PATTERN-SOURCE-MISSING	1	advisory	0	-
assistente-pessoal	2026-09-09T22:21:42Z	0	plan-review	reminders-phase-1-reminder-api-and-the-time-contract	2	R-COH-TASK-AC-MISSING	1	blocking	0	-
assistente-pessoal	2026-09-09T22:21:42Z	0	plan-review	reminders-phase-1-reminder-api-and-the-time-contract	2	R-COH-VALIDATE-ALWAYS-PASS	1	blocking	0	-
assistente-pessoal	2026-09-09T22:21:42Z	0	plan-review	reminders-phase-1-reminder-api-and-the-time-contract	2	R-COH-VALIDATE-FORBIDDEN-GREP-SCOPE	1	blocking	0	-
assistente-pessoal	2026-09-09T22:21:42Z	0	plan-review	reminders-phase-1-reminder-api-and-the-time-contract	2	R-COH-VALIDATE-FRAMEWORK-MISMATCH	1	blocking	0	-
assistente-pessoal	2026-09-09T22:21:42Z	0	plan-review	reminders-phase-1-reminder-api-and-the-time-contract	2	R-COH-VALIDATE-PATTERN-UNGROUNDED	1	blocking	0	-
assistente-pessoal	2026-09-09T22:21:42Z	0	plan-review	reminders-phase-1-reminder-api-and-the-time-contract	2	R-COH-VALIDATE-SEARCH-AMBIGUOUS	1	blocking	0	-
assistente-pessoal	2026-09-09T22:21:42Z	0	plan-review	reminders-phase-1-reminder-api-and-the-time-contract	2	R1	1	blocking	0	-
assistente-pessoal	2026-09-09T22:21:42Z	0	plan-review	reminders-phase-1-reminder-api-and-the-time-contract	2	R2	1	blocking	0	-
assistente-pessoal	2026-09-09T22:21:42Z	0	plan-review	reminders-phase-1-reminder-api-and-the-time-contract	2	R3	1	blocking	0	-
assistente-pessoal	2026-09-09T22:21:42Z	0	plan-review	reminders-phase-1-reminder-api-and-the-time-contract	2	R4	1	blocking	0	-
assistente-pessoal	2026-09-09T22:21:42Z	0	plan-review	reminders-phase-1-reminder-api-and-the-time-contract	2	R5	1	blocking	0	-
assistente-pessoal	2026-09-09T22:21:42Z	0	plan-review	reminders-phase-1-reminder-api-and-the-time-contract	2	R6	1	blocking	0	-
assistente-pessoal	2026-09-09T22:21:42Z	0	plan-review	reminders-phase-1-reminder-api-and-the-time-contract	2	R7	1	blocking	0	-
assistente-pessoal	2026-09-09T22:21:42Z	0	plan-review	reminders-phase-1-reminder-api-and-the-time-contract	2	R8	1	blocking	0	-
assistente-pessoal	2026-09-09T22:52:09Z	0	plan-review	reminders-phase-2-the-due-reminder-sweep	1	R-COH-ACTION-VALIDATE-CONTRADICTION	1	blocking	0	-
assistente-pessoal	2026-09-09T22:52:09Z	0	plan-review	reminders-phase-2-the-due-reminder-sweep	1	R-COH-FILES-UNTOUCHED	1	blocking	0	-
assistente-pessoal	2026-09-09T22:52:09Z	0	plan-review	reminders-phase-2-the-due-reminder-sweep	1	R-COH-MANDATORY-READING-MISSING	1	advisory	0	-
assistente-pessoal	2026-09-09T22:52:09Z	0	plan-review	reminders-phase-2-the-due-reminder-sweep	1	R-COH-PATTERN-SOURCE-MISSING	1	advisory	0	-
assistente-pessoal	2026-09-09T22:52:09Z	0	plan-review	reminders-phase-2-the-due-reminder-sweep	1	R-COH-TASK-AC-MISSING	1	blocking	0	-
assistente-pessoal	2026-09-09T22:52:09Z	0	plan-review	reminders-phase-2-the-due-reminder-sweep	1	R-COH-VALIDATE-ALWAYS-PASS	1	blocking	0	-
assistente-pessoal	2026-09-09T22:52:09Z	0	plan-review	reminders-phase-2-the-due-reminder-sweep	1	R-COH-VALIDATE-FORBIDDEN-GREP-SCOPE	1	blocking	0	-
assistente-pessoal	2026-09-09T22:52:09Z	0	plan-review	reminders-phase-2-the-due-reminder-sweep	1	R-COH-VALIDATE-FRAMEWORK-MISMATCH	1	blocking	0	-
assistente-pessoal	2026-09-09T22:52:09Z	0	plan-review	reminders-phase-2-the-due-reminder-sweep	1	R-COH-VALIDATE-PATTERN-UNGROUNDED	1	blocking	0	-
assistente-pessoal	2026-09-09T22:52:09Z	0	plan-review	reminders-phase-2-the-due-reminder-sweep	1	R-COH-VALIDATE-SEARCH-AMBIGUOUS	1	blocking	0	-
assistente-pessoal	2026-09-09T22:52:09Z	0	plan-review	reminders-phase-2-the-due-reminder-sweep	1	R1	1	blocking	0	-
assistente-pessoal	2026-09-09T22:52:09Z	0	plan-review	reminders-phase-2-the-due-reminder-sweep	1	R2	1	blocking	0	-
assistente-pessoal	2026-09-09T22:52:09Z	0	plan-review	reminders-phase-2-the-due-reminder-sweep	1	R3	1	blocking	0	-
assistente-pessoal	2026-09-09T22:52:09Z	0	plan-review	reminders-phase-2-the-due-reminder-sweep	1	R4	1	blocking	0	-
assistente-pessoal	2026-09-09T22:52:09Z	0	plan-review	reminders-phase-2-the-due-reminder-sweep	1	R5	1	blocking	0	-
assistente-pessoal	2026-09-09T22:52:09Z	0	plan-review	reminders-phase-2-the-due-reminder-sweep	1	R6	1	blocking	0	-
assistente-pessoal	2026-09-09T22:52:09Z	0	plan-review	reminders-phase-2-the-due-reminder-sweep	1	R7	1	blocking	0	-
assistente-pessoal	2026-09-09T22:52:09Z	0	plan-review	reminders-phase-2-the-due-reminder-sweep	1	R8	1	blocking	0	-
assistente-pessoal	2026-09-09T23:22:43Z	0	plan-review	reminders-phase-3-per-task-route-and-reminder-ui	1	R-COH-ACTION-VALIDATE-CONTRADICTION	1	blocking	0	-
assistente-pessoal	2026-09-09T23:22:43Z	0	plan-review	reminders-phase-3-per-task-route-and-reminder-ui	1	R-COH-FILES-UNTOUCHED	1	blocking	0	-
assistente-pessoal	2026-09-09T23:22:43Z	0	plan-review	reminders-phase-3-per-task-route-and-reminder-ui	1	R-COH-MANDATORY-READING-IRRELEVANT	0	advisory	0	-
assistente-pessoal	2026-09-09T23:22:43Z	0	plan-review	reminders-phase-3-per-task-route-and-reminder-ui	1	R-COH-MANDATORY-READING-MISSING	1	advisory	0	-
assistente-pessoal	2026-09-09T23:22:43Z	0	plan-review	reminders-phase-3-per-task-route-and-reminder-ui	1	R-COH-PATTERN-SOURCE-MISSING	1	advisory	0	-
assistente-pessoal	2026-09-09T23:22:43Z	0	plan-review	reminders-phase-3-per-task-route-and-reminder-ui	1	R-COH-TASK-AC-MISSING	0	blocking	0	-
assistente-pessoal	2026-09-09T23:22:43Z	0	plan-review	reminders-phase-3-per-task-route-and-reminder-ui	1	R-COH-VALIDATE-ALWAYS-PASS	1	blocking	0	-
assistente-pessoal	2026-09-09T23:22:43Z	0	plan-review	reminders-phase-3-per-task-route-and-reminder-ui	1	R-COH-VALIDATE-FORBIDDEN-GREP-SCOPE	1	blocking	0	-
assistente-pessoal	2026-09-09T23:22:43Z	0	plan-review	reminders-phase-3-per-task-route-and-reminder-ui	1	R-COH-VALIDATE-FRAMEWORK-MISMATCH	1	blocking	0	-
assistente-pessoal	2026-09-09T23:22:43Z	0	plan-review	reminders-phase-3-per-task-route-and-reminder-ui	1	R-COH-VALIDATE-PATTERN-UNGROUNDED	1	blocking	0	-
assistente-pessoal	2026-09-09T23:22:43Z	0	plan-review	reminders-phase-3-per-task-route-and-reminder-ui	1	R-COH-VALIDATE-SEARCH-AMBIGUOUS	1	blocking	0	-
assistente-pessoal	2026-09-09T23:22:43Z	0	plan-review	reminders-phase-3-per-task-route-and-reminder-ui	1	R1	1	blocking	0	-
assistente-pessoal	2026-09-09T23:22:43Z	0	plan-review	reminders-phase-3-per-task-route-and-reminder-ui	1	R2	1	blocking	0	-
assistente-pessoal	2026-09-09T23:22:43Z	0	plan-review	reminders-phase-3-per-task-route-and-reminder-ui	1	R3	1	blocking	0	-
assistente-pessoal	2026-09-09T23:22:43Z	0	plan-review	reminders-phase-3-per-task-route-and-reminder-ui	1	R4	1	blocking	0	-
assistente-pessoal	2026-09-09T23:22:43Z	0	plan-review	reminders-phase-3-per-task-route-and-reminder-ui	1	R5	1	blocking	0	-
assistente-pessoal	2026-09-09T23:22:43Z	0	plan-review	reminders-phase-3-per-task-route-and-reminder-ui	1	R6	1	blocking	0	-
assistente-pessoal	2026-09-09T23:22:43Z	0	plan-review	reminders-phase-3-per-task-route-and-reminder-ui	1	R7	1	blocking	0	-
assistente-pessoal	2026-09-09T23:22:43Z	0	plan-review	reminders-phase-3-per-task-route-and-reminder-ui	1	R8	0	blocking	0	-
assistente-pessoal	2026-09-09T23:32:48Z	0	plan-review	reminders-phase-3-per-task-route-and-reminder-ui	2	R-COH-AC-TASK-DECOUPLED	0	blocking	0	-
assistente-pessoal	2026-09-09T23:32:48Z	0	plan-review	reminders-phase-3-per-task-route-and-reminder-ui	2	R-COH-ACTION-VALIDATE-CONTRADICTION	1	blocking	0	-
assistente-pessoal	2026-09-09T23:32:48Z	0	plan-review	reminders-phase-3-per-task-route-and-reminder-ui	2	R-COH-FILES-UNTOUCHED	1	blocking	0	-
assistente-pessoal	2026-09-09T23:32:48Z	0	plan-review	reminders-phase-3-per-task-route-and-reminder-ui	2	R-COH-MANDATORY-READING-MISSING	1	advisory	0	-
assistente-pessoal	2026-09-09T23:32:48Z	0	plan-review	reminders-phase-3-per-task-route-and-reminder-ui	2	R-COH-PATTERN-SOURCE-MISSING	1	advisory	0	-
assistente-pessoal	2026-09-09T23:32:48Z	0	plan-review	reminders-phase-3-per-task-route-and-reminder-ui	2	R-COH-TASK-AC-MISSING	1	blocking	0	-
assistente-pessoal	2026-09-09T23:32:48Z	0	plan-review	reminders-phase-3-per-task-route-and-reminder-ui	2	R-COH-VALIDATE-ALWAYS-PASS	1	blocking	0	-
assistente-pessoal	2026-09-09T23:32:48Z	0	plan-review	reminders-phase-3-per-task-route-and-reminder-ui	2	R-COH-VALIDATE-FORBIDDEN-GREP-SCOPE	1	blocking	0	-
assistente-pessoal	2026-09-09T23:32:48Z	0	plan-review	reminders-phase-3-per-task-route-and-reminder-ui	2	R-COH-VALIDATE-FRAMEWORK-MISMATCH	1	blocking	0	-
assistente-pessoal	2026-09-09T23:32:48Z	0	plan-review	reminders-phase-3-per-task-route-and-reminder-ui	2	R-COH-VALIDATE-PATTERN-UNGROUNDED	1	blocking	0	-
assistente-pessoal	2026-09-09T23:32:48Z	0	plan-review	reminders-phase-3-per-task-route-and-reminder-ui	2	R-COH-VALIDATE-SEARCH-AMBIGUOUS	1	blocking	0	-
assistente-pessoal	2026-09-09T23:32:48Z	0	plan-review	reminders-phase-3-per-task-route-and-reminder-ui	2	R1	1	blocking	0	-
assistente-pessoal	2026-09-09T23:32:48Z	0	plan-review	reminders-phase-3-per-task-route-and-reminder-ui	2	R2	1	blocking	0	-
assistente-pessoal	2026-09-09T23:32:48Z	0	plan-review	reminders-phase-3-per-task-route-and-reminder-ui	2	R3	1	blocking	0	-
assistente-pessoal	2026-09-09T23:32:48Z	0	plan-review	reminders-phase-3-per-task-route-and-reminder-ui	2	R4	1	blocking	0	-
assistente-pessoal	2026-09-09T23:32:48Z	0	plan-review	reminders-phase-3-per-task-route-and-reminder-ui	2	R5	1	blocking	0	-
assistente-pessoal	2026-09-09T23:32:48Z	0	plan-review	reminders-phase-3-per-task-route-and-reminder-ui	2	R6	1	blocking	0	-
assistente-pessoal	2026-09-09T23:32:48Z	0	plan-review	reminders-phase-3-per-task-route-and-reminder-ui	2	R7	1	blocking	0	-
assistente-pessoal	2026-09-09T23:32:48Z	0	plan-review	reminders-phase-3-per-task-route-and-reminder-ui	2	R8	1	blocking	0	-
assistente-pessoal	2026-09-09T23:43:14Z	0	plan-review	reminders-phase-3-per-task-route-and-reminder-ui	3	R-COH-AC-TASK-DECOUPLED	1	blocking	0	-
assistente-pessoal	2026-09-09T23:43:14Z	0	plan-review	reminders-phase-3-per-task-route-and-reminder-ui	3	R-COH-ACTION-VALIDATE-CONTRADICTION	1	blocking	0	-
assistente-pessoal	2026-09-09T23:43:14Z	0	plan-review	reminders-phase-3-per-task-route-and-reminder-ui	3	R-COH-FILES-UNTOUCHED	1	blocking	0	-
assistente-pessoal	2026-09-09T23:43:14Z	0	plan-review	reminders-phase-3-per-task-route-and-reminder-ui	3	R-COH-MANDATORY-READING-MISSING	1	advisory	0	-
assistente-pessoal	2026-09-09T23:43:14Z	0	plan-review	reminders-phase-3-per-task-route-and-reminder-ui	3	R-COH-OTHER-INTERNAL-CONTRADICTION	0	blocking	1	-
assistente-pessoal	2026-09-09T23:43:14Z	0	plan-review	reminders-phase-3-per-task-route-and-reminder-ui	3	R-COH-PATTERN-SOURCE-MISSING	1	advisory	0	-
assistente-pessoal	2026-09-09T23:43:14Z	0	plan-review	reminders-phase-3-per-task-route-and-reminder-ui	3	R-COH-TASK-AC-MISSING	1	blocking	0	-
assistente-pessoal	2026-09-09T23:43:14Z	0	plan-review	reminders-phase-3-per-task-route-and-reminder-ui	3	R-COH-VALIDATE-ALWAYS-PASS	1	blocking	0	-
assistente-pessoal	2026-09-09T23:43:14Z	0	plan-review	reminders-phase-3-per-task-route-and-reminder-ui	3	R-COH-VALIDATE-FORBIDDEN-GREP-SCOPE	1	blocking	0	-
assistente-pessoal	2026-09-09T23:43:14Z	0	plan-review	reminders-phase-3-per-task-route-and-reminder-ui	3	R-COH-VALIDATE-FRAMEWORK-MISMATCH	1	blocking	0	-
assistente-pessoal	2026-09-09T23:43:14Z	0	plan-review	reminders-phase-3-per-task-route-and-reminder-ui	3	R-COH-VALIDATE-PATTERN-UNGROUNDED	1	blocking	0	-
assistente-pessoal	2026-09-09T23:43:14Z	0	plan-review	reminders-phase-3-per-task-route-and-reminder-ui	3	R-COH-VALIDATE-SEARCH-AMBIGUOUS	1	blocking	0	-
assistente-pessoal	2026-09-09T23:43:14Z	0	plan-review	reminders-phase-3-per-task-route-and-reminder-ui	3	R1	1	blocking	0	-
assistente-pessoal	2026-09-09T23:43:14Z	0	plan-review	reminders-phase-3-per-task-route-and-reminder-ui	3	R2	1	blocking	0	-
assistente-pessoal	2026-09-09T23:43:14Z	0	plan-review	reminders-phase-3-per-task-route-and-reminder-ui	3	R3	1	blocking	0	-
assistente-pessoal	2026-09-09T23:43:14Z	0	plan-review	reminders-phase-3-per-task-route-and-reminder-ui	3	R4	1	blocking	0	-
assistente-pessoal	2026-09-09T23:43:14Z	0	plan-review	reminders-phase-3-per-task-route-and-reminder-ui	3	R5	1	blocking	0	-
assistente-pessoal	2026-09-09T23:43:14Z	0	plan-review	reminders-phase-3-per-task-route-and-reminder-ui	3	R6	1	blocking	0	-
assistente-pessoal	2026-09-09T23:43:14Z	0	plan-review	reminders-phase-3-per-task-route-and-reminder-ui	3	R7	1	blocking	0	-
assistente-pessoal	2026-09-09T23:43:14Z	0	plan-review	reminders-phase-3-per-task-route-and-reminder-ui	3	R8	1	blocking	0	-
assistente-pessoal	2026-09-10T00:12:05Z	0	plan-review	reminders-phase-3-per-task-route-and-reminder-ui	4	R-COH-AC-TASK-DECOUPLED	1	blocking	0	-
assistente-pessoal	2026-09-10T00:12:05Z	0	plan-review	reminders-phase-3-per-task-route-and-reminder-ui	4	R-COH-ACTION-VALIDATE-CONTRADICTION	1	blocking	0	-
assistente-pessoal	2026-09-10T00:12:05Z	0	plan-review	reminders-phase-3-per-task-route-and-reminder-ui	4	R-COH-FILES-UNTOUCHED	1	blocking	0	-
assistente-pessoal	2026-09-10T00:12:05Z	0	plan-review	reminders-phase-3-per-task-route-and-reminder-ui	4	R-COH-MANDATORY-READING-MISSING	1	advisory	0	-
assistente-pessoal	2026-09-10T00:12:05Z	0	plan-review	reminders-phase-3-per-task-route-and-reminder-ui	4	R-COH-OTHER-INTERNAL-CONTRADICTION	1	advisory	0	-
assistente-pessoal	2026-09-10T00:12:05Z	0	plan-review	reminders-phase-3-per-task-route-and-reminder-ui	4	R-COH-PATTERN-SOURCE-MISSING	1	advisory	0	-
assistente-pessoal	2026-09-10T00:12:05Z	0	plan-review	reminders-phase-3-per-task-route-and-reminder-ui	4	R-COH-PATTERN-TASK-DRIFT	0	blocking	0	-
assistente-pessoal	2026-09-10T00:12:05Z	0	plan-review	reminders-phase-3-per-task-route-and-reminder-ui	4	R-COH-SUMMARY-TASKS-DRIFT	0	advisory	0	-
assistente-pessoal	2026-09-10T00:12:05Z	0	plan-review	reminders-phase-3-per-task-route-and-reminder-ui	4	R-COH-TASK-AC-MISSING	1	blocking	0	-
assistente-pessoal	2026-09-10T00:12:05Z	0	plan-review	reminders-phase-3-per-task-route-and-reminder-ui	4	R-COH-VALIDATE-ALWAYS-PASS	1	blocking	0	-
assistente-pessoal	2026-09-10T00:12:05Z	0	plan-review	reminders-phase-3-per-task-route-and-reminder-ui	4	R-COH-VALIDATE-FORBIDDEN-GREP-SCOPE	1	blocking	0	-
assistente-pessoal	2026-09-10T00:12:05Z	0	plan-review	reminders-phase-3-per-task-route-and-reminder-ui	4	R-COH-VALIDATE-FRAMEWORK-MISMATCH	1	blocking	0	-
assistente-pessoal	2026-09-10T00:12:05Z	0	plan-review	reminders-phase-3-per-task-route-and-reminder-ui	4	R-COH-VALIDATE-PATTERN-UNGROUNDED	1	blocking	0	-
assistente-pessoal	2026-09-10T00:12:05Z	0	plan-review	reminders-phase-3-per-task-route-and-reminder-ui	4	R-COH-VALIDATE-SEARCH-AMBIGUOUS	1	blocking	0	-
assistente-pessoal	2026-09-10T00:12:05Z	0	plan-review	reminders-phase-3-per-task-route-and-reminder-ui	4	R1	1	blocking	0	-
assistente-pessoal	2026-09-10T00:12:05Z	0	plan-review	reminders-phase-3-per-task-route-and-reminder-ui	4	R2	1	blocking	0	-
assistente-pessoal	2026-09-10T00:12:05Z	0	plan-review	reminders-phase-3-per-task-route-and-reminder-ui	4	R3	1	blocking	0	-
assistente-pessoal	2026-09-10T00:12:05Z	0	plan-review	reminders-phase-3-per-task-route-and-reminder-ui	4	R4	1	blocking	0	-
assistente-pessoal	2026-09-10T00:12:05Z	0	plan-review	reminders-phase-3-per-task-route-and-reminder-ui	4	R5	1	blocking	0	-
assistente-pessoal	2026-09-10T00:12:05Z	0	plan-review	reminders-phase-3-per-task-route-and-reminder-ui	4	R6	1	blocking	0	-
assistente-pessoal	2026-09-10T00:12:05Z	0	plan-review	reminders-phase-3-per-task-route-and-reminder-ui	4	R7	1	blocking	0	-
assistente-pessoal	2026-09-10T00:12:05Z	0	plan-review	reminders-phase-3-per-task-route-and-reminder-ui	4	R8	1	blocking	0	-
assistente-pessoal	2026-09-10T00:18:31Z	0	plan-review	reminders-phase-3-per-task-route-and-reminder-ui	5	R-COH-AC-TASK-DECOUPLED	1	blocking	0	-
assistente-pessoal	2026-09-10T00:18:31Z	0	plan-review	reminders-phase-3-per-task-route-and-reminder-ui	5	R-COH-ACTION-VALIDATE-CONTRADICTION	1	blocking	0	-
assistente-pessoal	2026-09-10T00:18:31Z	0	plan-review	reminders-phase-3-per-task-route-and-reminder-ui	5	R-COH-FILES-UNTOUCHED	1	blocking	0	-
assistente-pessoal	2026-09-10T00:18:31Z	0	plan-review	reminders-phase-3-per-task-route-and-reminder-ui	5	R-COH-MANDATORY-READING-MISSING	1	advisory	0	-
assistente-pessoal	2026-09-10T00:18:31Z	0	plan-review	reminders-phase-3-per-task-route-and-reminder-ui	5	R-COH-OTHER-INTERNAL-CONTRADICTION	1	advisory	0	-
assistente-pessoal	2026-09-10T00:18:31Z	0	plan-review	reminders-phase-3-per-task-route-and-reminder-ui	5	R-COH-PATTERN-SOURCE-MISSING	1	advisory	0	-
assistente-pessoal	2026-09-10T00:18:31Z	0	plan-review	reminders-phase-3-per-task-route-and-reminder-ui	5	R-COH-PATTERN-TASK-DRIFT	0	blocking	0	-
assistente-pessoal	2026-09-10T00:18:31Z	0	plan-review	reminders-phase-3-per-task-route-and-reminder-ui	5	R-COH-PATTERN-TASK-DRIFT	0	blocking	0	-
assistente-pessoal	2026-09-10T00:18:31Z	0	plan-review	reminders-phase-3-per-task-route-and-reminder-ui	5	R-COH-SUMMARY-TASKS-DRIFT	1	advisory	0	-
assistente-pessoal	2026-09-10T00:18:31Z	0	plan-review	reminders-phase-3-per-task-route-and-reminder-ui	5	R-COH-TASK-AC-MISSING	1	blocking	0	-
assistente-pessoal	2026-09-10T00:18:31Z	0	plan-review	reminders-phase-3-per-task-route-and-reminder-ui	5	R-COH-VALIDATE-ALWAYS-PASS	1	blocking	0	-
assistente-pessoal	2026-09-10T00:18:31Z	0	plan-review	reminders-phase-3-per-task-route-and-reminder-ui	5	R-COH-VALIDATE-FORBIDDEN-GREP-SCOPE	1	blocking	0	-
assistente-pessoal	2026-09-10T00:18:31Z	0	plan-review	reminders-phase-3-per-task-route-and-reminder-ui	5	R-COH-VALIDATE-FRAMEWORK-MISMATCH	1	blocking	0	-
assistente-pessoal	2026-09-10T00:18:31Z	0	plan-review	reminders-phase-3-per-task-route-and-reminder-ui	5	R-COH-VALIDATE-PATTERN-UNGROUNDED	1	blocking	0	-
assistente-pessoal	2026-09-10T00:18:31Z	0	plan-review	reminders-phase-3-per-task-route-and-reminder-ui	5	R-COH-VALIDATE-SEARCH-AMBIGUOUS	1	blocking	0	-
assistente-pessoal	2026-09-10T00:18:31Z	0	plan-review	reminders-phase-3-per-task-route-and-reminder-ui	5	R1	1	blocking	0	-
assistente-pessoal	2026-09-10T00:18:31Z	0	plan-review	reminders-phase-3-per-task-route-and-reminder-ui	5	R2	1	blocking	0	-
assistente-pessoal	2026-09-10T00:18:31Z	0	plan-review	reminders-phase-3-per-task-route-and-reminder-ui	5	R3	1	blocking	0	-
assistente-pessoal	2026-09-10T00:18:31Z	0	plan-review	reminders-phase-3-per-task-route-and-reminder-ui	5	R4	1	blocking	0	-
assistente-pessoal	2026-09-10T00:18:31Z	0	plan-review	reminders-phase-3-per-task-route-and-reminder-ui	5	R5	1	blocking	0	-
assistente-pessoal	2026-09-10T00:18:31Z	0	plan-review	reminders-phase-3-per-task-route-and-reminder-ui	5	R6	1	blocking	0	-
assistente-pessoal	2026-09-10T00:18:31Z	0	plan-review	reminders-phase-3-per-task-route-and-reminder-ui	5	R7	1	blocking	0	-
assistente-pessoal	2026-09-10T00:18:31Z	0	plan-review	reminders-phase-3-per-task-route-and-reminder-ui	5	R8	1	blocking	0	-
assistente-pessoal	2026-09-10T00:25:46Z	0	plan-review	reminders-phase-3-per-task-route-and-reminder-ui	6	R-COH-AC-TASK-DECOUPLED	1	blocking	0	-
assistente-pessoal	2026-09-10T00:25:46Z	0	plan-review	reminders-phase-3-per-task-route-and-reminder-ui	6	R-COH-ACTION-VALIDATE-CONTRADICTION	1	blocking	0	-
assistente-pessoal	2026-09-10T00:25:46Z	0	plan-review	reminders-phase-3-per-task-route-and-reminder-ui	6	R-COH-FILES-UNTOUCHED	1	blocking	0	-
assistente-pessoal	2026-09-10T00:25:46Z	0	plan-review	reminders-phase-3-per-task-route-and-reminder-ui	6	R-COH-MANDATORY-READING-MISSING	1	advisory	0	-
assistente-pessoal	2026-09-10T00:25:46Z	0	plan-review	reminders-phase-3-per-task-route-and-reminder-ui	6	R-COH-OTHER-INTERNAL-CONTRADICTION	1	advisory	0	-
assistente-pessoal	2026-09-10T00:25:46Z	0	plan-review	reminders-phase-3-per-task-route-and-reminder-ui	6	R-COH-PATTERN-SOURCE-MISSING	1	advisory	0	-
assistente-pessoal	2026-09-10T00:25:46Z	0	plan-review	reminders-phase-3-per-task-route-and-reminder-ui	6	R-COH-PATTERN-TASK-DRIFT	1	blocking	0	-
assistente-pessoal	2026-09-10T00:25:46Z	0	plan-review	reminders-phase-3-per-task-route-and-reminder-ui	6	R-COH-SUMMARY-TASKS-DRIFT	1	advisory	0	-
assistente-pessoal	2026-09-10T00:25:46Z	0	plan-review	reminders-phase-3-per-task-route-and-reminder-ui	6	R-COH-TASK-AC-MISSING	1	blocking	0	-
assistente-pessoal	2026-09-10T00:25:46Z	0	plan-review	reminders-phase-3-per-task-route-and-reminder-ui	6	R-COH-VALIDATE-ALWAYS-PASS	1	blocking	0	-
assistente-pessoal	2026-09-10T00:25:46Z	0	plan-review	reminders-phase-3-per-task-route-and-reminder-ui	6	R-COH-VALIDATE-FORBIDDEN-GREP-SCOPE	1	blocking	0	-
assistente-pessoal	2026-09-10T00:25:46Z	0	plan-review	reminders-phase-3-per-task-route-and-reminder-ui	6	R-COH-VALIDATE-FRAMEWORK-MISMATCH	1	blocking	0	-
assistente-pessoal	2026-09-10T00:25:46Z	0	plan-review	reminders-phase-3-per-task-route-and-reminder-ui	6	R-COH-VALIDATE-PATTERN-UNGROUNDED	1	blocking	0	-
assistente-pessoal	2026-09-10T00:25:46Z	0	plan-review	reminders-phase-3-per-task-route-and-reminder-ui	6	R-COH-VALIDATE-SEARCH-AMBIGUOUS	1	blocking	0	-
assistente-pessoal	2026-09-10T00:25:46Z	0	plan-review	reminders-phase-3-per-task-route-and-reminder-ui	6	R1	1	blocking	0	-
assistente-pessoal	2026-09-10T00:25:46Z	0	plan-review	reminders-phase-3-per-task-route-and-reminder-ui	6	R2	1	blocking	0	-
assistente-pessoal	2026-09-10T00:25:46Z	0	plan-review	reminders-phase-3-per-task-route-and-reminder-ui	6	R3	1	blocking	0	-
assistente-pessoal	2026-09-10T00:25:46Z	0	plan-review	reminders-phase-3-per-task-route-and-reminder-ui	6	R4	1	blocking	0	-
assistente-pessoal	2026-09-10T00:25:46Z	0	plan-review	reminders-phase-3-per-task-route-and-reminder-ui	6	R5	1	blocking	0	-
assistente-pessoal	2026-09-10T00:25:46Z	0	plan-review	reminders-phase-3-per-task-route-and-reminder-ui	6	R6	1	blocking	0	-
assistente-pessoal	2026-09-10T00:25:46Z	0	plan-review	reminders-phase-3-per-task-route-and-reminder-ui	6	R7	1	blocking	0	-
assistente-pessoal	2026-09-10T00:25:46Z	0	plan-review	reminders-phase-3-per-task-route-and-reminder-ui	6	R8	1	blocking	0	-
assistente-pessoal	2026-09-10T02:59:24Z	0	plan-review	reminders-phase-4-deadline-recomputation-and-the-device-proof	1	R-COH-ACTION-VALIDATE-CONTRADICTION	1	blocking	0	-
assistente-pessoal	2026-09-10T02:59:24Z	0	plan-review	reminders-phase-4-deadline-recomputation-and-the-device-proof	1	R-COH-FILES-UNTOUCHED	1	blocking	0	-
assistente-pessoal	2026-09-10T02:59:24Z	0	plan-review	reminders-phase-4-deadline-recomputation-and-the-device-proof	1	R-COH-MANDATORY-READING-MISSING	1	advisory	0	-
assistente-pessoal	2026-09-10T02:59:24Z	0	plan-review	reminders-phase-4-deadline-recomputation-and-the-device-proof	1	R-COH-PATTERN-SOURCE-MISSING	1	advisory	0	-
assistente-pessoal	2026-09-10T02:59:24Z	0	plan-review	reminders-phase-4-deadline-recomputation-and-the-device-proof	1	R-COH-SUMMARY-TASKS-DRIFT	1	advisory	0	-
assistente-pessoal	2026-09-10T02:59:24Z	0	plan-review	reminders-phase-4-deadline-recomputation-and-the-device-proof	1	R-COH-TASK-AC-MISSING	1	blocking	0	-
assistente-pessoal	2026-09-10T02:59:24Z	0	plan-review	reminders-phase-4-deadline-recomputation-and-the-device-proof	1	R-COH-VALIDATE-ALWAYS-PASS	1	blocking	0	-
assistente-pessoal	2026-09-10T02:59:24Z	0	plan-review	reminders-phase-4-deadline-recomputation-and-the-device-proof	1	R-COH-VALIDATE-FORBIDDEN-GREP-SCOPE	1	blocking	0	-
assistente-pessoal	2026-09-10T02:59:24Z	0	plan-review	reminders-phase-4-deadline-recomputation-and-the-device-proof	1	R-COH-VALIDATE-FRAMEWORK-MISMATCH	1	blocking	0	-
assistente-pessoal	2026-09-10T02:59:24Z	0	plan-review	reminders-phase-4-deadline-recomputation-and-the-device-proof	1	R-COH-VALIDATE-PATTERN-UNGROUNDED	1	blocking	0	-
assistente-pessoal	2026-09-10T02:59:24Z	0	plan-review	reminders-phase-4-deadline-recomputation-and-the-device-proof	1	R-COH-VALIDATE-SEARCH-AMBIGUOUS	1	blocking	0	-
assistente-pessoal	2026-09-10T02:59:24Z	0	plan-review	reminders-phase-4-deadline-recomputation-and-the-device-proof	1	R1	1	blocking	0	-
assistente-pessoal	2026-09-10T02:59:24Z	0	plan-review	reminders-phase-4-deadline-recomputation-and-the-device-proof	1	R2	0	blocking	0	-
assistente-pessoal	2026-09-10T02:59:24Z	0	plan-review	reminders-phase-4-deadline-recomputation-and-the-device-proof	1	R3	1	blocking	0	-
assistente-pessoal	2026-09-10T02:59:24Z	0	plan-review	reminders-phase-4-deadline-recomputation-and-the-device-proof	1	R4	1	blocking	0	-
assistente-pessoal	2026-09-10T02:59:24Z	0	plan-review	reminders-phase-4-deadline-recomputation-and-the-device-proof	1	R5	1	blocking	0	-
assistente-pessoal	2026-09-10T02:59:24Z	0	plan-review	reminders-phase-4-deadline-recomputation-and-the-device-proof	1	R6	1	blocking	0	-
assistente-pessoal	2026-09-10T02:59:24Z	0	plan-review	reminders-phase-4-deadline-recomputation-and-the-device-proof	1	R7	1	blocking	0	-
assistente-pessoal	2026-09-10T02:59:24Z	0	plan-review	reminders-phase-4-deadline-recomputation-and-the-device-proof	1	R8	1	blocking	0	-
assistente-pessoal	2026-09-10T03:06:22Z	0	plan-review	reminders-phase-4-deadline-recomputation-and-the-device-proof	2	R-COH-ACTION-VALIDATE-CONTRADICTION	1	blocking	0	-
assistente-pessoal	2026-09-10T03:06:22Z	0	plan-review	reminders-phase-4-deadline-recomputation-and-the-device-proof	2	R-COH-FILES-UNTOUCHED	1	blocking	0	-
assistente-pessoal	2026-09-10T03:06:22Z	0	plan-review	reminders-phase-4-deadline-recomputation-and-the-device-proof	2	R-COH-MANDATORY-READING-MISSING	1	advisory	0	-
assistente-pessoal	2026-09-10T03:06:22Z	0	plan-review	reminders-phase-4-deadline-recomputation-and-the-device-proof	2	R-COH-PATTERN-SOURCE-MISSING	1	advisory	0	-
assistente-pessoal	2026-09-10T03:06:22Z	0	plan-review	reminders-phase-4-deadline-recomputation-and-the-device-proof	2	R-COH-TASK-AC-MISSING	1	blocking	0	-
assistente-pessoal	2026-09-10T03:06:22Z	0	plan-review	reminders-phase-4-deadline-recomputation-and-the-device-proof	2	R-COH-VALIDATE-ALWAYS-PASS	1	blocking	0	-
assistente-pessoal	2026-09-10T03:06:22Z	0	plan-review	reminders-phase-4-deadline-recomputation-and-the-device-proof	2	R-COH-VALIDATE-FORBIDDEN-GREP-SCOPE	1	blocking	0	-
assistente-pessoal	2026-09-10T03:06:22Z	0	plan-review	reminders-phase-4-deadline-recomputation-and-the-device-proof	2	R-COH-VALIDATE-FRAMEWORK-MISMATCH	1	blocking	0	-
assistente-pessoal	2026-09-10T03:06:22Z	0	plan-review	reminders-phase-4-deadline-recomputation-and-the-device-proof	2	R-COH-VALIDATE-PATTERN-UNGROUNDED	1	blocking	0	-
assistente-pessoal	2026-09-10T03:06:22Z	0	plan-review	reminders-phase-4-deadline-recomputation-and-the-device-proof	2	R-COH-VALIDATE-SEARCH-AMBIGUOUS	1	blocking	0	-
assistente-pessoal	2026-09-10T03:06:22Z	0	plan-review	reminders-phase-4-deadline-recomputation-and-the-device-proof	2	R1	1	blocking	0	-
assistente-pessoal	2026-09-10T03:06:22Z	0	plan-review	reminders-phase-4-deadline-recomputation-and-the-device-proof	2	R2	1	blocking	0	-
assistente-pessoal	2026-09-10T03:06:22Z	0	plan-review	reminders-phase-4-deadline-recomputation-and-the-device-proof	2	R3	1	blocking	0	-
assistente-pessoal	2026-09-10T03:06:22Z	0	plan-review	reminders-phase-4-deadline-recomputation-and-the-device-proof	2	R4	1	blocking	0	-
assistente-pessoal	2026-09-10T03:06:22Z	0	plan-review	reminders-phase-4-deadline-recomputation-and-the-device-proof	2	R5	1	blocking	0	-
assistente-pessoal	2026-09-10T03:06:22Z	0	plan-review	reminders-phase-4-deadline-recomputation-and-the-device-proof	2	R6	1	blocking	0	-
assistente-pessoal	2026-09-10T03:06:22Z	0	plan-review	reminders-phase-4-deadline-recomputation-and-the-device-proof	2	R7	1	blocking	0	-
assistente-pessoal	2026-09-10T03:06:22Z	0	plan-review	reminders-phase-4-deadline-recomputation-and-the-device-proof	2	R8	1	blocking	0	-
assistente-pessoal	2026-09-04T19:02:49Z	0	test-write-review	data-export	1	R-AC-COVERAGE	1	blocking	0	-
assistente-pessoal	2026-09-04T19:02:49Z	0	test-write-review	data-export	1	R-DUPLICATE	1	blocking	0	-
assistente-pessoal	2026-09-04T19:02:49Z	0	test-write-review	data-export	1	R-IMPL-LEAK	1	blocking	0	-
assistente-pessoal	2026-09-04T19:02:49Z	0	test-write-review	data-export	1	R-LIFECYCLE-LEGITIMATE	1	blocking	0	-
assistente-pessoal	2026-09-04T19:02:49Z	0	test-write-review	data-export	1	R-MOCK-ABUSE	1	blocking	0	-
assistente-pessoal	2026-09-04T19:02:49Z	0	test-write-review	data-export	1	R-RED-LEGITIMATE	1	blocking	0	-
assistente-pessoal	2026-09-04T19:02:49Z	0	test-write-review	data-export	1	R-TRIVIAL-ASSERT	1	blocking	0	-
assistente-pessoal	2026-09-04T20:08:26Z	0	test-write-review	data-export-phase-2-the-calendar-file	1	R-AC-COVERAGE	1	blocking	0	-
assistente-pessoal	2026-09-04T20:08:26Z	0	test-write-review	data-export-phase-2-the-calendar-file	1	R-DUPLICATE	1	blocking	0	-
assistente-pessoal	2026-09-04T20:08:26Z	0	test-write-review	data-export-phase-2-the-calendar-file	1	R-IMPL-LEAK	1	blocking	0	-
assistente-pessoal	2026-09-04T20:08:26Z	0	test-write-review	data-export-phase-2-the-calendar-file	1	R-LIFECYCLE-LEGITIMATE	1	blocking	0	-
assistente-pessoal	2026-09-04T20:08:26Z	0	test-write-review	data-export-phase-2-the-calendar-file	1	R-MOCK-ABUSE	1	blocking	0	-
assistente-pessoal	2026-09-04T20:08:26Z	0	test-write-review	data-export-phase-2-the-calendar-file	1	R-RED-LEGITIMATE	1	blocking	0	-
assistente-pessoal	2026-09-04T20:08:26Z	0	test-write-review	data-export-phase-2-the-calendar-file	1	R-TRIVIAL-ASSERT	1	blocking	0	-
assistente-pessoal	2026-09-04T20:14:41Z	0	test-write-review	data-export-phase-2-the-calendar-file	2	R-AC-COVERAGE	1	blocking	0	-
assistente-pessoal	2026-09-04T20:14:41Z	0	test-write-review	data-export-phase-2-the-calendar-file	2	R-DUPLICATE	1	blocking	0	-
assistente-pessoal	2026-09-04T20:14:41Z	0	test-write-review	data-export-phase-2-the-calendar-file	2	R-IMPL-LEAK	1	blocking	0	-
assistente-pessoal	2026-09-04T20:14:41Z	0	test-write-review	data-export-phase-2-the-calendar-file	2	R-LIFECYCLE-LEGITIMATE	1	blocking	0	-
assistente-pessoal	2026-09-04T20:14:41Z	0	test-write-review	data-export-phase-2-the-calendar-file	2	R-MOCK-ABUSE	1	blocking	0	-
assistente-pessoal	2026-09-04T20:14:41Z	0	test-write-review	data-export-phase-2-the-calendar-file	2	R-RED-LEGITIMATE	1	blocking	0	-
assistente-pessoal	2026-09-04T20:14:41Z	0	test-write-review	data-export-phase-2-the-calendar-file	2	R-TRIVIAL-ASSERT	1	blocking	0	-
assistente-pessoal	2026-09-05T10:41:10Z	0	test-write-review	data-export-phase-3-the-button	1	R-AC-COVERAGE	1	blocking	0	-
assistente-pessoal	2026-09-05T10:41:10Z	0	test-write-review	data-export-phase-3-the-button	1	R-DUPLICATE	1	blocking	0	-
assistente-pessoal	2026-09-05T10:41:10Z	0	test-write-review	data-export-phase-3-the-button	1	R-IMPL-LEAK	1	blocking	0	-
assistente-pessoal	2026-09-05T10:41:10Z	0	test-write-review	data-export-phase-3-the-button	1	R-LIFECYCLE-LEGITIMATE	1	blocking	0	-
assistente-pessoal	2026-09-05T10:41:10Z	0	test-write-review	data-export-phase-3-the-button	1	R-MOCK-ABUSE	1	blocking	0	-
assistente-pessoal	2026-09-05T10:41:10Z	0	test-write-review	data-export-phase-3-the-button	1	R-RED-LEGITIMATE	1	blocking	0	-
assistente-pessoal	2026-09-05T10:41:10Z	0	test-write-review	data-export-phase-3-the-button	1	R-TRIVIAL-ASSERT	1	blocking	0	-
assistente-pessoal	2026-09-05T11:17:30Z	0	test-write-review	data-export-phase-3-the-button	2	R-AC-COVERAGE	1	blocking	0	-
assistente-pessoal	2026-09-05T11:17:30Z	0	test-write-review	data-export-phase-3-the-button	2	R-DUPLICATE	1	blocking	0	-
assistente-pessoal	2026-09-05T11:17:30Z	0	test-write-review	data-export-phase-3-the-button	2	R-IMPL-LEAK	1	blocking	0	-
assistente-pessoal	2026-09-05T11:17:30Z	0	test-write-review	data-export-phase-3-the-button	2	R-LIFECYCLE-LEGITIMATE	1	blocking	0	-
assistente-pessoal	2026-09-05T11:17:30Z	0	test-write-review	data-export-phase-3-the-button	2	R-MOCK-ABUSE	1	blocking	0	-
assistente-pessoal	2026-09-05T11:17:30Z	0	test-write-review	data-export-phase-3-the-button	2	R-RED-LEGITIMATE	1	blocking	0	-
assistente-pessoal	2026-09-05T11:17:30Z	0	test-write-review	data-export-phase-3-the-button	2	R-TRIVIAL-ASSERT	1	blocking	0	-
assistente-pessoal	2026-09-07T02:14:31Z	0	test-write-review	data-export-phase-4-the-unattended-copy	1	R-AC-COVERAGE	1	blocking	0	-
assistente-pessoal	2026-09-07T02:14:31Z	0	test-write-review	data-export-phase-4-the-unattended-copy	1	R-DUPLICATE	1	blocking	0	-
assistente-pessoal	2026-09-07T02:14:31Z	0	test-write-review	data-export-phase-4-the-unattended-copy	1	R-IMPL-LEAK	1	blocking	0	-
assistente-pessoal	2026-09-07T02:14:31Z	0	test-write-review	data-export-phase-4-the-unattended-copy	1	R-LIFECYCLE-LEGITIMATE	1	blocking	0	-
assistente-pessoal	2026-09-07T02:14:31Z	0	test-write-review	data-export-phase-4-the-unattended-copy	1	R-MOCK-ABUSE	1	blocking	0	-
assistente-pessoal	2026-09-07T02:14:31Z	0	test-write-review	data-export-phase-4-the-unattended-copy	1	R-RED-LEGITIMATE	1	blocking	0	-
assistente-pessoal	2026-09-07T02:14:31Z	0	test-write-review	data-export-phase-4-the-unattended-copy	1	R-TRIVIAL-ASSERT	1	blocking	0	-
assistente-pessoal	2026-09-07T19:45:05Z	0	test-write-review	push-channel-proven	1	R-AC-COVERAGE	0	blocking	0	-
assistente-pessoal	2026-09-07T19:45:05Z	0	test-write-review	push-channel-proven	1	R-DUPLICATE	1	blocking	0	-
assistente-pessoal	2026-09-07T19:45:05Z	0	test-write-review	push-channel-proven	1	R-IMPL-LEAK	1	blocking	0	-
assistente-pessoal	2026-09-07T19:45:05Z	0	test-write-review	push-channel-proven	1	R-LIFECYCLE-LEGITIMATE	1	blocking	0	-
assistente-pessoal	2026-09-07T19:45:05Z	0	test-write-review	push-channel-proven	1	R-MOCK-ABUSE	1	blocking	0	-
assistente-pessoal	2026-09-07T19:45:05Z	0	test-write-review	push-channel-proven	1	R-RED-LEGITIMATE	1	blocking	0	-
assistente-pessoal	2026-09-07T19:45:05Z	0	test-write-review	push-channel-proven	1	R-TRIVIAL-ASSERT	1	blocking	0	-
assistente-pessoal	2026-09-08T01:13:36Z	0	test-write-review	push-channel-proven	10	R-AC-COVERAGE	1	blocking	0	-
assistente-pessoal	2026-09-08T01:13:36Z	0	test-write-review	push-channel-proven	10	R-DUPLICATE	1	blocking	0	-
assistente-pessoal	2026-09-08T01:13:36Z	0	test-write-review	push-channel-proven	10	R-IMPL-LEAK	1	blocking	0	-
assistente-pessoal	2026-09-08T01:13:36Z	0	test-write-review	push-channel-proven	10	R-LIFECYCLE-LEGITIMATE	1	blocking	0	-
assistente-pessoal	2026-09-08T01:13:36Z	0	test-write-review	push-channel-proven	10	R-MOCK-ABUSE	1	blocking	0	-
assistente-pessoal	2026-09-08T01:13:36Z	0	test-write-review	push-channel-proven	10	R-RED-LEGITIMATE	1	blocking	0	-
assistente-pessoal	2026-09-08T01:13:36Z	0	test-write-review	push-channel-proven	10	R-TRIVIAL-ASSERT	0	blocking	0	-
assistente-pessoal	2026-09-08T01:27:44Z	0	test-write-review	push-channel-proven	11	R-AC-COVERAGE	1	blocking	0	-
assistente-pessoal	2026-09-08T01:27:44Z	0	test-write-review	push-channel-proven	11	R-DUPLICATE	1	blocking	0	-
assistente-pessoal	2026-09-08T01:27:44Z	0	test-write-review	push-channel-proven	11	R-IMPL-LEAK	1	blocking	0	-
assistente-pessoal	2026-09-08T01:27:44Z	0	test-write-review	push-channel-proven	11	R-LIFECYCLE-LEGITIMATE	1	blocking	0	-
assistente-pessoal	2026-09-08T01:27:44Z	0	test-write-review	push-channel-proven	11	R-MOCK-ABUSE	1	blocking	0	-
assistente-pessoal	2026-09-08T01:27:44Z	0	test-write-review	push-channel-proven	11	R-RED-LEGITIMATE	0	blocking	0	-
assistente-pessoal	2026-09-08T01:27:44Z	0	test-write-review	push-channel-proven	11	R-TRIVIAL-ASSERT	1	blocking	0	-
assistente-pessoal	2026-09-08T01:37:24Z	0	test-write-review	push-channel-proven	12	R-AC-COVERAGE	1	blocking	0	-
assistente-pessoal	2026-09-08T01:37:24Z	0	test-write-review	push-channel-proven	12	R-DUPLICATE	1	blocking	0	-
assistente-pessoal	2026-09-08T01:37:24Z	0	test-write-review	push-channel-proven	12	R-IMPL-LEAK	1	blocking	0	-
assistente-pessoal	2026-09-08T01:37:24Z	0	test-write-review	push-channel-proven	12	R-LIFECYCLE-LEGITIMATE	1	blocking	0	-
assistente-pessoal	2026-09-08T01:37:24Z	0	test-write-review	push-channel-proven	12	R-MOCK-ABUSE	1	blocking	0	-
assistente-pessoal	2026-09-08T01:37:24Z	0	test-write-review	push-channel-proven	12	R-RED-LEGITIMATE	1	blocking	0	-
assistente-pessoal	2026-09-08T01:37:24Z	0	test-write-review	push-channel-proven	12	R-TRIVIAL-ASSERT	1	blocking	0	-
assistente-pessoal	2026-09-07T19:55:54Z	0	test-write-review	push-channel-proven	2	R-AC-COVERAGE	1	blocking	0	-
assistente-pessoal	2026-09-07T19:55:54Z	0	test-write-review	push-channel-proven	2	R-DUPLICATE	1	blocking	0	-
assistente-pessoal	2026-09-07T19:55:54Z	0	test-write-review	push-channel-proven	2	R-IMPL-LEAK	1	blocking	0	-
assistente-pessoal	2026-09-07T19:55:54Z	0	test-write-review	push-channel-proven	2	R-LIFECYCLE-LEGITIMATE	1	blocking	0	-
assistente-pessoal	2026-09-07T19:55:54Z	0	test-write-review	push-channel-proven	2	R-MOCK-ABUSE	1	blocking	0	-
assistente-pessoal	2026-09-07T19:55:54Z	0	test-write-review	push-channel-proven	2	R-RED-LEGITIMATE	1	blocking	0	-
assistente-pessoal	2026-09-07T19:55:54Z	0	test-write-review	push-channel-proven	2	R-TRIVIAL-ASSERT	1	blocking	0	-
assistente-pessoal	2026-09-07T21:04:05Z	0	test-write-review	push-channel-proven	3	R-AC-COVERAGE	1	blocking	0	-
assistente-pessoal	2026-09-07T21:04:05Z	0	test-write-review	push-channel-proven	3	R-DUPLICATE	1	blocking	0	-
assistente-pessoal	2026-09-07T21:04:05Z	0	test-write-review	push-channel-proven	3	R-IMPL-LEAK	1	blocking	0	-
assistente-pessoal	2026-09-07T21:04:05Z	0	test-write-review	push-channel-proven	3	R-LIFECYCLE-LEGITIMATE	1	blocking	0	-
assistente-pessoal	2026-09-07T21:04:05Z	0	test-write-review	push-channel-proven	3	R-MOCK-ABUSE	1	blocking	0	-
assistente-pessoal	2026-09-07T21:04:05Z	0	test-write-review	push-channel-proven	3	R-RED-LEGITIMATE	1	blocking	0	-
assistente-pessoal	2026-09-07T21:04:05Z	0	test-write-review	push-channel-proven	3	R-TRIVIAL-ASSERT	1	blocking	0	-
assistente-pessoal	2026-09-07T22:12:24Z	0	test-write-review	push-channel-proven	4	R-AC-COVERAGE	1	blocking	0	-
assistente-pessoal	2026-09-07T22:12:24Z	0	test-write-review	push-channel-proven	4	R-DUPLICATE	1	blocking	0	-
assistente-pessoal	2026-09-07T22:12:24Z	0	test-write-review	push-channel-proven	4	R-IMPL-LEAK	1	blocking	0	-
assistente-pessoal	2026-09-07T22:12:24Z	0	test-write-review	push-channel-proven	4	R-LIFECYCLE-LEGITIMATE	1	blocking	0	-
assistente-pessoal	2026-09-07T22:12:24Z	0	test-write-review	push-channel-proven	4	R-MOCK-ABUSE	1	blocking	0	-
assistente-pessoal	2026-09-07T22:12:24Z	0	test-write-review	push-channel-proven	4	R-RED-LEGITIMATE	1	blocking	0	-
assistente-pessoal	2026-09-07T22:12:24Z	0	test-write-review	push-channel-proven	4	R-TRIVIAL-ASSERT	1	blocking	0	-
assistente-pessoal	2026-09-07T22:48:27Z	0	test-write-review	push-channel-proven	5	R-AC-COVERAGE	1	blocking	0	-
assistente-pessoal	2026-09-07T22:48:27Z	0	test-write-review	push-channel-proven	5	R-DUPLICATE	1	blocking	0	-
assistente-pessoal	2026-09-07T22:48:27Z	0	test-write-review	push-channel-proven	5	R-IMPL-LEAK	1	blocking	0	-
assistente-pessoal	2026-09-07T22:48:27Z	0	test-write-review	push-channel-proven	5	R-LIFECYCLE-LEGITIMATE	1	blocking	0	-
assistente-pessoal	2026-09-07T22:48:27Z	0	test-write-review	push-channel-proven	5	R-MOCK-ABUSE	1	blocking	0	-
assistente-pessoal	2026-09-07T22:48:27Z	0	test-write-review	push-channel-proven	5	R-RED-LEGITIMATE	1	blocking	0	-
assistente-pessoal	2026-09-07T22:48:27Z	0	test-write-review	push-channel-proven	5	R-TRIVIAL-ASSERT	1	blocking	0	-
assistente-pessoal	2026-09-07T22:59:08Z	0	test-write-review	push-channel-proven	6	R-AC-COVERAGE	1	blocking	0	-
assistente-pessoal	2026-09-07T22:59:08Z	0	test-write-review	push-channel-proven	6	R-DUPLICATE	1	blocking	0	-
assistente-pessoal	2026-09-07T22:59:08Z	0	test-write-review	push-channel-proven	6	R-IMPL-LEAK	1	blocking	0	-
assistente-pessoal	2026-09-07T22:59:08Z	0	test-write-review	push-channel-proven	6	R-LIFECYCLE-LEGITIMATE	1	blocking	0	-
assistente-pessoal	2026-09-07T22:59:08Z	0	test-write-review	push-channel-proven	6	R-MOCK-ABUSE	1	blocking	0	-
assistente-pessoal	2026-09-07T22:59:08Z	0	test-write-review	push-channel-proven	6	R-RED-LEGITIMATE	1	blocking	0	-
assistente-pessoal	2026-09-07T22:59:08Z	0	test-write-review	push-channel-proven	6	R-TRIVIAL-ASSERT	1	blocking	0	-
assistente-pessoal	2026-09-07T23:44:40Z	0	test-write-review	push-channel-proven	7	R-AC-COVERAGE	0	blocking	0	-
assistente-pessoal	2026-09-07T23:44:40Z	0	test-write-review	push-channel-proven	7	R-DUPLICATE	1	blocking	0	-
assistente-pessoal	2026-09-07T23:44:40Z	0	test-write-review	push-channel-proven	7	R-IMPL-LEAK	1	blocking	0	-
assistente-pessoal	2026-09-07T23:44:40Z	0	test-write-review	push-channel-proven	7	R-LIFECYCLE-LEGITIMATE	1	blocking	0	-
assistente-pessoal	2026-09-07T23:44:40Z	0	test-write-review	push-channel-proven	7	R-MOCK-ABUSE	1	blocking	0	-
assistente-pessoal	2026-09-07T23:44:40Z	0	test-write-review	push-channel-proven	7	R-RED-LEGITIMATE	1	blocking	0	-
assistente-pessoal	2026-09-07T23:44:40Z	0	test-write-review	push-channel-proven	7	R-TRIVIAL-ASSERT	1	blocking	0	-
assistente-pessoal	2026-09-07T23:53:36Z	0	test-write-review	push-channel-proven	8	R-AC-COVERAGE	1	blocking	0	-
assistente-pessoal	2026-09-07T23:53:36Z	0	test-write-review	push-channel-proven	8	R-DUPLICATE	1	blocking	0	-
assistente-pessoal	2026-09-07T23:53:36Z	0	test-write-review	push-channel-proven	8	R-IMPL-LEAK	1	blocking	0	-
assistente-pessoal	2026-09-07T23:53:36Z	0	test-write-review	push-channel-proven	8	R-LIFECYCLE-LEGITIMATE	1	blocking	0	-
assistente-pessoal	2026-09-07T23:53:36Z	0	test-write-review	push-channel-proven	8	R-MOCK-ABUSE	1	blocking	0	-
assistente-pessoal	2026-09-07T23:53:36Z	0	test-write-review	push-channel-proven	8	R-RED-LEGITIMATE	1	blocking	0	-
assistente-pessoal	2026-09-07T23:53:36Z	0	test-write-review	push-channel-proven	8	R-TRIVIAL-ASSERT	1	blocking	0	-
assistente-pessoal	2026-09-08T01:04:59Z	0	test-write-review	push-channel-proven	9	R-AC-COVERAGE	1	blocking	0	-
assistente-pessoal	2026-09-08T01:04:59Z	0	test-write-review	push-channel-proven	9	R-DUPLICATE	0	blocking	0	-
assistente-pessoal	2026-09-08T01:04:59Z	0	test-write-review	push-channel-proven	9	R-IMPL-LEAK	1	blocking	0	-
assistente-pessoal	2026-09-08T01:04:59Z	0	test-write-review	push-channel-proven	9	R-LIFECYCLE-LEGITIMATE	1	blocking	0	-
assistente-pessoal	2026-09-08T01:04:59Z	0	test-write-review	push-channel-proven	9	R-MOCK-ABUSE	1	blocking	0	-
assistente-pessoal	2026-09-08T01:04:59Z	0	test-write-review	push-channel-proven	9	R-RED-LEGITIMATE	1	blocking	0	-
assistente-pessoal	2026-09-08T01:04:59Z	0	test-write-review	push-channel-proven	9	R-TRIVIAL-ASSERT	1	blocking	0	-
assistente-pessoal	2026-09-09T22:30:57Z	0	test-write-review	reminders-phase-1-reminder-api-and-the-time-contract	1	R-AC-COVERAGE	1	blocking	0	-
assistente-pessoal	2026-09-09T22:30:57Z	0	test-write-review	reminders-phase-1-reminder-api-and-the-time-contract	1	R-DUPLICATE	1	blocking	0	-
assistente-pessoal	2026-09-09T22:30:57Z	0	test-write-review	reminders-phase-1-reminder-api-and-the-time-contract	1	R-IMPL-LEAK	1	blocking	0	-
assistente-pessoal	2026-09-09T22:30:57Z	0	test-write-review	reminders-phase-1-reminder-api-and-the-time-contract	1	R-LIFECYCLE-LEGITIMATE	1	blocking	0	-
assistente-pessoal	2026-09-09T22:30:57Z	0	test-write-review	reminders-phase-1-reminder-api-and-the-time-contract	1	R-MOCK-ABUSE	1	blocking	0	-
assistente-pessoal	2026-09-09T22:30:57Z	0	test-write-review	reminders-phase-1-reminder-api-and-the-time-contract	1	R-RED-LEGITIMATE	1	blocking	0	-
assistente-pessoal	2026-09-09T22:30:57Z	0	test-write-review	reminders-phase-1-reminder-api-and-the-time-contract	1	R-TRIVIAL-ASSERT	1	blocking	0	-
assistente-pessoal	2026-09-09T23:00:10Z	0	test-write-review	reminders-phase-2-the-due-reminder-sweep	1	R-AC-COVERAGE	1	blocking	0	-
assistente-pessoal	2026-09-09T23:00:10Z	0	test-write-review	reminders-phase-2-the-due-reminder-sweep	1	R-DUPLICATE	1	blocking	0	-
assistente-pessoal	2026-09-09T23:00:10Z	0	test-write-review	reminders-phase-2-the-due-reminder-sweep	1	R-IMPL-LEAK	1	blocking	0	-
assistente-pessoal	2026-09-09T23:00:10Z	0	test-write-review	reminders-phase-2-the-due-reminder-sweep	1	R-LIFECYCLE-LEGITIMATE	1	blocking	0	-
assistente-pessoal	2026-09-09T23:00:10Z	0	test-write-review	reminders-phase-2-the-due-reminder-sweep	1	R-MOCK-ABUSE	1	blocking	0	-
assistente-pessoal	2026-09-09T23:00:10Z	0	test-write-review	reminders-phase-2-the-due-reminder-sweep	1	R-RED-LEGITIMATE	1	blocking	0	-
assistente-pessoal	2026-09-09T23:00:10Z	0	test-write-review	reminders-phase-2-the-due-reminder-sweep	1	R-TRIVIAL-ASSERT	1	blocking	0	-
assistente-pessoal	2026-09-10T01:50:07Z	0	test-write-review	reminders-phase-3-per-task-route-and-reminder-ui	1	R-AC-COVERAGE	1	blocking	0	-
assistente-pessoal	2026-09-10T01:50:07Z	0	test-write-review	reminders-phase-3-per-task-route-and-reminder-ui	1	R-DUPLICATE	1	blocking	0	-
assistente-pessoal	2026-09-10T01:50:07Z	0	test-write-review	reminders-phase-3-per-task-route-and-reminder-ui	1	R-IMPL-LEAK	1	blocking	0	-
assistente-pessoal	2026-09-10T01:50:07Z	0	test-write-review	reminders-phase-3-per-task-route-and-reminder-ui	1	R-LIFECYCLE-LEGITIMATE	1	blocking	0	-
assistente-pessoal	2026-09-10T01:50:07Z	0	test-write-review	reminders-phase-3-per-task-route-and-reminder-ui	1	R-MOCK-ABUSE	1	blocking	0	-
assistente-pessoal	2026-09-10T01:50:07Z	0	test-write-review	reminders-phase-3-per-task-route-and-reminder-ui	1	R-RED-LEGITIMATE	1	blocking	0	-
assistente-pessoal	2026-09-10T01:50:07Z	0	test-write-review	reminders-phase-3-per-task-route-and-reminder-ui	1	R-TRIVIAL-ASSERT	1	blocking	0	-
assistente-pessoal	2026-09-10T02:34:26Z	0	test-write-review	reminders-phase-3-per-task-route-and-reminder-ui	2	R-AC-COVERAGE	1	blocking	0	-
assistente-pessoal	2026-09-10T02:34:26Z	0	test-write-review	reminders-phase-3-per-task-route-and-reminder-ui	2	R-DUPLICATE	1	blocking	0	-
assistente-pessoal	2026-09-10T02:34:26Z	0	test-write-review	reminders-phase-3-per-task-route-and-reminder-ui	2	R-IMPL-LEAK	1	blocking	0	-
assistente-pessoal	2026-09-10T02:34:26Z	0	test-write-review	reminders-phase-3-per-task-route-and-reminder-ui	2	R-LIFECYCLE-LEGITIMATE	1	blocking	0	-
assistente-pessoal	2026-09-10T02:34:26Z	0	test-write-review	reminders-phase-3-per-task-route-and-reminder-ui	2	R-MOCK-ABUSE	1	blocking	0	-
assistente-pessoal	2026-09-10T02:34:26Z	0	test-write-review	reminders-phase-3-per-task-route-and-reminder-ui	2	R-RED-LEGITIMATE	1	blocking	0	-
assistente-pessoal	2026-09-10T02:34:26Z	0	test-write-review	reminders-phase-3-per-task-route-and-reminder-ui	2	R-TRIVIAL-ASSERT	1	blocking	0	-
assistente-pessoal	2026-09-10T03:12:36Z	0	test-write-review	reminders-phase-4-deadline-recomputation-and-the-device-proof	1	R-AC-COVERAGE	1	blocking	0	-
assistente-pessoal	2026-09-10T03:12:36Z	0	test-write-review	reminders-phase-4-deadline-recomputation-and-the-device-proof	1	R-DUPLICATE	1	blocking	0	-
assistente-pessoal	2026-09-10T03:12:36Z	0	test-write-review	reminders-phase-4-deadline-recomputation-and-the-device-proof	1	R-IMPL-LEAK	1	blocking	0	-
assistente-pessoal	2026-09-10T03:12:36Z	0	test-write-review	reminders-phase-4-deadline-recomputation-and-the-device-proof	1	R-LIFECYCLE-LEGITIMATE	1	blocking	0	-
assistente-pessoal	2026-09-10T03:12:36Z	0	test-write-review	reminders-phase-4-deadline-recomputation-and-the-device-proof	1	R-MOCK-ABUSE	1	blocking	0	-
assistente-pessoal	2026-09-10T03:12:36Z	0	test-write-review	reminders-phase-4-deadline-recomputation-and-the-device-proof	1	R-RED-LEGITIMATE	1	blocking	0	-
assistente-pessoal	2026-09-10T03:12:36Z	0	test-write-review	reminders-phase-4-deadline-recomputation-and-the-device-proof	1	R-TRIVIAL-ASSERT	1	blocking	0	-
