proj	ts	deg	stage	art	seq	rid	pass	cls	esc	rat
assistente-pessoal	2026-08-26T01:23:09Z	0	code-review	google-calendar-read-phase-1-dated-items-one-screen	1	R-COH-CALLER-DRIFT	1	blocking	0	-
assistente-pessoal	2026-08-26T01:23:09Z	0	code-review	google-calendar-read-phase-1-dated-items-one-screen	1	R-COH-COMMENT-MISMATCH	1	blocking	0	-
assistente-pessoal	2026-08-26T01:23:09Z	0	code-review	google-calendar-read-phase-1-dated-items-one-screen	1	R-COH-CONFIG-DANGLING	1	blocking	0	-
assistente-pessoal	2026-08-26T01:23:09Z	0	code-review	google-calendar-read-phase-1-dated-items-one-screen	1	R-COH-DEAD-IMPORT	1	blocking	0	-
assistente-pessoal	2026-08-26T01:23:09Z	0	code-review	google-calendar-read-phase-1-dated-items-one-screen	1	R-COH-REGISTRY-MISSING	1	blocking	0	-
assistente-pessoal	2026-08-26T01:23:09Z	0	code-review	google-calendar-read-phase-1-dated-items-one-screen	1	R-COH-TASK-CONTRADICTION	1	blocking	0	-
assistente-pessoal	2026-08-26T01:23:09Z	0	code-review	google-calendar-read-phase-1-dated-items-one-screen	1	R-L1	1	blocking	0	-
assistente-pessoal	2026-08-26T01:23:09Z	0	code-review	google-calendar-read-phase-1-dated-items-one-screen	1	R-L2	1	blocking	0	-
assistente-pessoal	2026-08-26T01:23:09Z	0	code-review	google-calendar-read-phase-1-dated-items-one-screen	1	R-L3	1	blocking	0	-
assistente-pessoal	2026-08-26T01:23:09Z	0	code-review	google-calendar-read-phase-1-dated-items-one-screen	1	R-S1	1	blocking	0	-
assistente-pessoal	2026-08-26T01:23:09Z	0	code-review	google-calendar-read-phase-1-dated-items-one-screen	1	R-S2	1	blocking	0	-
assistente-pessoal	2026-08-26T01:23:09Z	0	code-review	google-calendar-read-phase-1-dated-items-one-screen	1	R-S3	1	blocking	0	-
assistente-pessoal	2026-08-26T01:23:09Z	0	code-review	google-calendar-read-phase-1-dated-items-one-screen	1	R-SEM	1	blocking	0	-
assistente-pessoal	2026-08-26T01:23:09Z	0	code-review	google-calendar-read-phase-1-dated-items-one-screen	1	R-X	1	blocking	0	-
assistente-pessoal	2026-08-26T13:40:48Z	0	code-review	google-calendar-read-phase-2-consent-credential-revocation	1	R-COH-CALLER-DRIFT	1	blocking	0	-
assistente-pessoal	2026-08-26T13:40:48Z	0	code-review	google-calendar-read-phase-2-consent-credential-revocation	1	R-COH-CONFIG-DANGLING	1	blocking	0	-
assistente-pessoal	2026-08-26T13:40:48Z	0	code-review	google-calendar-read-phase-2-consent-credential-revocation	1	R-COH-DEAD-IMPORT	1	blocking	0	-
assistente-pessoal	2026-08-26T13:40:48Z	0	code-review	google-calendar-read-phase-2-consent-credential-revocation	1	R-COH-REGISTRY-MISSING	1	blocking	0	-
assistente-pessoal	2026-08-26T13:40:48Z	0	code-review	google-calendar-read-phase-2-consent-credential-revocation	1	R-COH-TASK-CONTRADICTION	0	blocking	0	-
assistente-pessoal	2026-08-26T13:40:48Z	0	code-review	google-calendar-read-phase-2-consent-credential-revocation	1	R-L1	1	blocking	0	-
assistente-pessoal	2026-08-26T13:40:48Z	0	code-review	google-calendar-read-phase-2-consent-credential-revocation	1	R-L2	1	blocking	0	-
assistente-pessoal	2026-08-26T13:40:48Z	0	code-review	google-calendar-read-phase-2-consent-credential-revocation	1	R-L3	1	blocking	0	-
assistente-pessoal	2026-08-26T13:40:48Z	0	code-review	google-calendar-read-phase-2-consent-credential-revocation	1	R-S1	1	blocking	0	-
assistente-pessoal	2026-08-26T13:40:48Z	0	code-review	google-calendar-read-phase-2-consent-credential-revocation	1	R-S2	1	blocking	0	-
assistente-pessoal	2026-08-26T13:40:48Z	0	code-review	google-calendar-read-phase-2-consent-credential-revocation	1	R-S3	1	blocking	0	-
assistente-pessoal	2026-08-26T13:40:48Z	0	code-review	google-calendar-read-phase-2-consent-credential-revocation	1	R-SEM	0	blocking	0	-
assistente-pessoal	2026-08-26T13:40:48Z	0	code-review	google-calendar-read-phase-2-consent-credential-revocation	1	R-X	0	blocking	0	-
assistente-pessoal	2026-08-26T13:47:41Z	0	code-review	google-calendar-read-phase-2-consent-credential-revocation	2	R-COH-CALLER-DRIFT	1	blocking	0	-
assistente-pessoal	2026-08-26T13:47:41Z	0	code-review	google-calendar-read-phase-2-consent-credential-revocation	2	R-COH-CONFIG-DANGLING	1	blocking	0	-
assistente-pessoal	2026-08-26T13:47:41Z	0	code-review	google-calendar-read-phase-2-consent-credential-revocation	2	R-COH-DEAD-IMPORT	1	blocking	0	-
assistente-pessoal	2026-08-26T13:47:41Z	0	code-review	google-calendar-read-phase-2-consent-credential-revocation	2	R-COH-REGISTRY-MISSING	1	blocking	0	-
assistente-pessoal	2026-08-26T13:47:41Z	0	code-review	google-calendar-read-phase-2-consent-credential-revocation	2	R-COH-TASK-CONTRADICTION	1	blocking	0	-
assistente-pessoal	2026-08-26T13:47:41Z	0	code-review	google-calendar-read-phase-2-consent-credential-revocation	2	R-L1	1	blocking	0	-
assistente-pessoal	2026-08-26T13:47:41Z	0	code-review	google-calendar-read-phase-2-consent-credential-revocation	2	R-L2	1	blocking	0	-
assistente-pessoal	2026-08-26T13:47:41Z	0	code-review	google-calendar-read-phase-2-consent-credential-revocation	2	R-L3	1	blocking	0	-
assistente-pessoal	2026-08-26T13:47:41Z	0	code-review	google-calendar-read-phase-2-consent-credential-revocation	2	R-S1	1	blocking	0	-
assistente-pessoal	2026-08-26T13:47:41Z	0	code-review	google-calendar-read-phase-2-consent-credential-revocation	2	R-S2	1	blocking	0	-
assistente-pessoal	2026-08-26T13:47:41Z	0	code-review	google-calendar-read-phase-2-consent-credential-revocation	2	R-S3	1	blocking	0	-
assistente-pessoal	2026-08-26T13:47:41Z	0	code-review	google-calendar-read-phase-2-consent-credential-revocation	2	R-SEM	1	blocking	0	-
assistente-pessoal	2026-08-26T13:47:41Z	0	code-review	google-calendar-read-phase-2-consent-credential-revocation	2	R-X	0	blocking	0	-
assistente-pessoal	2026-08-26T13:51:01Z	0	code-review	google-calendar-read-phase-2-consent-credential-revocation	3	arbitration	-	blocking	0	-
assistente-pessoal	2026-08-28T15:54:21Z	0	code-review	google-calendar-read-phase-3-reading-the-calendar	1	R-COH-CALLER-DRIFT	1	blocking	0	-
assistente-pessoal	2026-08-28T15:54:21Z	0	code-review	google-calendar-read-phase-3-reading-the-calendar	1	R-COH-COMMENT-MISMATCH	0	blocking	0	-
assistente-pessoal	2026-08-28T15:54:21Z	0	code-review	google-calendar-read-phase-3-reading-the-calendar	1	R-COH-CONFIG-DANGLING	1	blocking	0	-
assistente-pessoal	2026-08-28T15:54:21Z	0	code-review	google-calendar-read-phase-3-reading-the-calendar	1	R-COH-DEAD-IMPORT	1	blocking	0	-
assistente-pessoal	2026-08-28T15:54:21Z	0	code-review	google-calendar-read-phase-3-reading-the-calendar	1	R-COH-REGISTRY-MISSING	1	blocking	0	-
assistente-pessoal	2026-08-28T15:54:21Z	0	code-review	google-calendar-read-phase-3-reading-the-calendar	1	R-COH-TASK-CONTRADICTION	1	blocking	0	-
assistente-pessoal	2026-08-28T15:54:21Z	0	code-review	google-calendar-read-phase-3-reading-the-calendar	1	R-L1	1	blocking	0	-
assistente-pessoal	2026-08-28T15:54:21Z	0	code-review	google-calendar-read-phase-3-reading-the-calendar	1	R-L2	0	blocking	0	-
assistente-pessoal	2026-08-28T15:54:21Z	0	code-review	google-calendar-read-phase-3-reading-the-calendar	1	R-L3	1	blocking	0	-
assistente-pessoal	2026-08-28T15:54:21Z	0	code-review	google-calendar-read-phase-3-reading-the-calendar	1	R-S1	1	blocking	0	-
assistente-pessoal	2026-08-28T15:54:21Z	0	code-review	google-calendar-read-phase-3-reading-the-calendar	1	R-S2	1	blocking	0	-
assistente-pessoal	2026-08-28T15:54:21Z	0	code-review	google-calendar-read-phase-3-reading-the-calendar	1	R-S3	1	blocking	0	-
assistente-pessoal	2026-08-28T15:54:21Z	0	code-review	google-calendar-read-phase-3-reading-the-calendar	1	R-SEM	0	blocking	0	-
assistente-pessoal	2026-08-28T15:54:21Z	0	code-review	google-calendar-read-phase-3-reading-the-calendar	1	R-X	0	blocking	0	-
assistente-pessoal	2026-08-28T23:10:42Z	0	code-review	google-calendar-read-phase-3-reading-the-calendar	10	R-COH-CALLER-DRIFT	1	blocking	0	-
assistente-pessoal	2026-08-28T23:10:42Z	0	code-review	google-calendar-read-phase-3-reading-the-calendar	10	R-COH-CONFIG-DANGLING	1	blocking	0	-
assistente-pessoal	2026-08-28T23:10:42Z	0	code-review	google-calendar-read-phase-3-reading-the-calendar	10	R-COH-DEAD-IMPORT	1	blocking	0	-
assistente-pessoal	2026-08-28T23:10:42Z	0	code-review	google-calendar-read-phase-3-reading-the-calendar	10	R-COH-REGISTRY-MISSING	1	blocking	0	-
assistente-pessoal	2026-08-28T23:10:42Z	0	code-review	google-calendar-read-phase-3-reading-the-calendar	10	R-COH-TASK-CONTRADICTION	1	blocking	0	-
assistente-pessoal	2026-08-28T23:10:42Z	0	code-review	google-calendar-read-phase-3-reading-the-calendar	10	R-L1	1	blocking	0	-
assistente-pessoal	2026-08-28T23:10:42Z	0	code-review	google-calendar-read-phase-3-reading-the-calendar	10	R-L2	1	blocking	0	-
assistente-pessoal	2026-08-28T23:10:42Z	0	code-review	google-calendar-read-phase-3-reading-the-calendar	10	R-L3	1	blocking	0	-
assistente-pessoal	2026-08-28T23:10:42Z	0	code-review	google-calendar-read-phase-3-reading-the-calendar	10	R-S1	1	blocking	0	-
assistente-pessoal	2026-08-28T23:10:42Z	0	code-review	google-calendar-read-phase-3-reading-the-calendar	10	R-S2	1	blocking	0	-
assistente-pessoal	2026-08-28T23:10:42Z	0	code-review	google-calendar-read-phase-3-reading-the-calendar	10	R-S3	1	blocking	0	-
assistente-pessoal	2026-08-28T23:10:42Z	0	code-review	google-calendar-read-phase-3-reading-the-calendar	10	R-SEM	1	blocking	0	-
assistente-pessoal	2026-08-28T23:10:42Z	0	code-review	google-calendar-read-phase-3-reading-the-calendar	10	R-X	1	blocking	0	-
assistente-pessoal	2026-08-28T16:07:27Z	0	code-review	google-calendar-read-phase-3-reading-the-calendar	2	arbitration	-	blocking	0	-
assistente-pessoal	2026-08-28T16:07:27Z	0	code-review	google-calendar-read-phase-3-reading-the-calendar	3	arbitration	-	blocking	0	-
assistente-pessoal	2026-08-28T16:07:27Z	0	code-review	google-calendar-read-phase-3-reading-the-calendar	4	arbitration	-	blocking	0	-
assistente-pessoal	2026-08-28T16:07:27Z	0	code-review	google-calendar-read-phase-3-reading-the-calendar	5	arbitration	-	blocking	0	-
assistente-pessoal	2026-08-28T16:17:23Z	0	code-review	google-calendar-read-phase-3-reading-the-calendar	6	R-COH-CALLER-DRIFT	1	blocking	0	-
assistente-pessoal	2026-08-28T16:17:23Z	0	code-review	google-calendar-read-phase-3-reading-the-calendar	6	R-COH-CONFIG-DANGLING	1	blocking	0	-
assistente-pessoal	2026-08-28T16:17:23Z	0	code-review	google-calendar-read-phase-3-reading-the-calendar	6	R-COH-DEAD-IMPORT	1	blocking	0	-
assistente-pessoal	2026-08-28T16:17:23Z	0	code-review	google-calendar-read-phase-3-reading-the-calendar	6	R-COH-REGISTRY-MISSING	1	blocking	0	-
assistente-pessoal	2026-08-28T16:17:23Z	0	code-review	google-calendar-read-phase-3-reading-the-calendar	6	R-COH-TASK-CONTRADICTION	1	blocking	0	-
assistente-pessoal	2026-08-28T16:17:23Z	0	code-review	google-calendar-read-phase-3-reading-the-calendar	6	R-L1	1	blocking	0	-
assistente-pessoal	2026-08-28T16:17:23Z	0	code-review	google-calendar-read-phase-3-reading-the-calendar	6	R-L2	1	blocking	0	-
assistente-pessoal	2026-08-28T16:17:23Z	0	code-review	google-calendar-read-phase-3-reading-the-calendar	6	R-L3	1	blocking	0	-
assistente-pessoal	2026-08-28T16:17:23Z	0	code-review	google-calendar-read-phase-3-reading-the-calendar	6	R-S1	1	blocking	0	-
assistente-pessoal	2026-08-28T16:17:23Z	0	code-review	google-calendar-read-phase-3-reading-the-calendar	6	R-S2	1	blocking	0	-
assistente-pessoal	2026-08-28T16:17:23Z	0	code-review	google-calendar-read-phase-3-reading-the-calendar	6	R-S3	1	blocking	0	-
assistente-pessoal	2026-08-28T16:17:23Z	0	code-review	google-calendar-read-phase-3-reading-the-calendar	6	R-SEM	0	blocking	0	-
assistente-pessoal	2026-08-28T16:17:23Z	0	code-review	google-calendar-read-phase-3-reading-the-calendar	6	R-X	0	blocking	0	-
assistente-pessoal	2026-08-28T16:23:48Z	0	code-review	google-calendar-read-phase-3-reading-the-calendar	7	arbitration	-	blocking	0	-
assistente-pessoal	2026-08-28T16:23:48Z	0	code-review	google-calendar-read-phase-3-reading-the-calendar	8	arbitration	-	blocking	0	-
assistente-pessoal	2026-08-28T16:31:53Z	0	code-review	google-calendar-read-phase-3-reading-the-calendar	9	R-COH-CALLER-DRIFT	1	blocking	0	-
assistente-pessoal	2026-08-28T16:31:53Z	0	code-review	google-calendar-read-phase-3-reading-the-calendar	9	R-COH-CONFIG-DANGLING	1	blocking	0	-
assistente-pessoal	2026-08-28T16:31:53Z	0	code-review	google-calendar-read-phase-3-reading-the-calendar	9	R-COH-DEAD-IMPORT	1	blocking	0	-
assistente-pessoal	2026-08-28T16:31:53Z	0	code-review	google-calendar-read-phase-3-reading-the-calendar	9	R-COH-REGISTRY-MISSING	1	blocking	0	-
assistente-pessoal	2026-08-28T16:31:53Z	0	code-review	google-calendar-read-phase-3-reading-the-calendar	9	R-COH-TASK-CONTRADICTION	1	blocking	0	-
assistente-pessoal	2026-08-28T16:31:53Z	0	code-review	google-calendar-read-phase-3-reading-the-calendar	9	R-L1	1	blocking	0	-
assistente-pessoal	2026-08-28T16:31:53Z	0	code-review	google-calendar-read-phase-3-reading-the-calendar	9	R-L2	1	blocking	0	-
assistente-pessoal	2026-08-28T16:31:53Z	0	code-review	google-calendar-read-phase-3-reading-the-calendar	9	R-L3	1	blocking	0	-
assistente-pessoal	2026-08-28T16:31:53Z	0	code-review	google-calendar-read-phase-3-reading-the-calendar	9	R-S1	1	blocking	0	-
assistente-pessoal	2026-08-28T16:31:53Z	0	code-review	google-calendar-read-phase-3-reading-the-calendar	9	R-S2	1	blocking	0	-
assistente-pessoal	2026-08-28T16:31:53Z	0	code-review	google-calendar-read-phase-3-reading-the-calendar	9	R-S3	1	blocking	0	-
assistente-pessoal	2026-08-28T16:31:53Z	0	code-review	google-calendar-read-phase-3-reading-the-calendar	9	R-SEM	1	blocking	0	-
assistente-pessoal	2026-08-28T16:31:53Z	0	code-review	google-calendar-read-phase-3-reading-the-calendar	9	R-X	0	blocking	0	-
assistente-pessoal	2026-08-30T19:49:42Z	0	code-review	google-calendar-read-phase-5-consent-made-visible	1	arbitration	-	blocking	0	-
assistente-pessoal	2026-08-30T20:21:20Z	0	code-review	google-calendar-read-phase-5-consent-made-visible	2	R-COH-CALLER-DRIFT	1	blocking	0	-
assistente-pessoal	2026-08-30T20:21:20Z	0	code-review	google-calendar-read-phase-5-consent-made-visible	2	R-COH-CONFIG-DANGLING	1	blocking	0	-
assistente-pessoal	2026-08-30T20:21:20Z	0	code-review	google-calendar-read-phase-5-consent-made-visible	2	R-COH-DEAD-IMPORT	1	blocking	0	-
assistente-pessoal	2026-08-30T20:21:20Z	0	code-review	google-calendar-read-phase-5-consent-made-visible	2	R-COH-REGISTRY-MISSING	1	blocking	0	-
assistente-pessoal	2026-08-30T20:21:20Z	0	code-review	google-calendar-read-phase-5-consent-made-visible	2	R-COH-TASK-CONTRADICTION	1	blocking	0	-
assistente-pessoal	2026-08-30T20:21:20Z	0	code-review	google-calendar-read-phase-5-consent-made-visible	2	R-L1	1	blocking	0	-
assistente-pessoal	2026-08-30T20:21:20Z	0	code-review	google-calendar-read-phase-5-consent-made-visible	2	R-L2	1	blocking	0	-
assistente-pessoal	2026-08-30T20:21:20Z	0	code-review	google-calendar-read-phase-5-consent-made-visible	2	R-L3	1	blocking	0	-
assistente-pessoal	2026-08-30T20:21:20Z	0	code-review	google-calendar-read-phase-5-consent-made-visible	2	R-S1	1	blocking	0	-
assistente-pessoal	2026-08-30T20:21:20Z	0	code-review	google-calendar-read-phase-5-consent-made-visible	2	R-S2	1	blocking	0	-
assistente-pessoal	2026-08-30T20:21:20Z	0	code-review	google-calendar-read-phase-5-consent-made-visible	2	R-S3	1	blocking	0	-
assistente-pessoal	2026-08-30T20:21:20Z	0	code-review	google-calendar-read-phase-5-consent-made-visible	2	R-SEM	1	blocking	0	-
assistente-pessoal	2026-08-30T20:21:20Z	0	code-review	google-calendar-read-phase-5-consent-made-visible	2	R-X	1	blocking	0	-
assistente-pessoal	2026-08-31T12:12:36Z	0	code-review	google-calendar-read-phase-5-consent-made-visible	3	R-COH-CALLER-DRIFT	1	blocking	0	-
assistente-pessoal	2026-08-31T12:12:36Z	0	code-review	google-calendar-read-phase-5-consent-made-visible	3	R-COH-CONFIG-DANGLING	1	blocking	0	-
assistente-pessoal	2026-08-31T12:12:36Z	0	code-review	google-calendar-read-phase-5-consent-made-visible	3	R-COH-DEAD-IMPORT	1	blocking	0	-
assistente-pessoal	2026-08-31T12:12:36Z	0	code-review	google-calendar-read-phase-5-consent-made-visible	3	R-COH-REGISTRY-MISSING	1	blocking	0	-
assistente-pessoal	2026-08-31T12:12:36Z	0	code-review	google-calendar-read-phase-5-consent-made-visible	3	R-COH-SEMANTIC-DEGRADED	1	blocking	0	-
assistente-pessoal	2026-08-31T12:12:36Z	0	code-review	google-calendar-read-phase-5-consent-made-visible	3	R-COH-TASK-CONTRADICTION	1	blocking	0	-
assistente-pessoal	2026-08-31T12:12:36Z	0	code-review	google-calendar-read-phase-5-consent-made-visible	3	R-L1	1	blocking	0	-
assistente-pessoal	2026-08-31T12:12:36Z	0	code-review	google-calendar-read-phase-5-consent-made-visible	3	R-L2	1	blocking	0	-
assistente-pessoal	2026-08-31T12:12:36Z	0	code-review	google-calendar-read-phase-5-consent-made-visible	3	R-L3	0	blocking	0	-
assistente-pessoal	2026-08-31T12:12:36Z	0	code-review	google-calendar-read-phase-5-consent-made-visible	3	R-S1	1	blocking	0	-
assistente-pessoal	2026-08-31T12:12:36Z	0	code-review	google-calendar-read-phase-5-consent-made-visible	3	R-S2	1	blocking	0	-
assistente-pessoal	2026-08-31T12:12:36Z	0	code-review	google-calendar-read-phase-5-consent-made-visible	3	R-S3	1	blocking	0	-
assistente-pessoal	2026-08-31T12:12:36Z	0	code-review	google-calendar-read-phase-5-consent-made-visible	3	R-SEM	1	blocking	0	-
assistente-pessoal	2026-08-31T12:12:36Z	0	code-review	google-calendar-read-phase-5-consent-made-visible	3	R-X	1	blocking	0	-
assistente-pessoal	2026-08-31T13:04:44Z	0	code-review	google-calendar-read-phase-5-consent-made-visible	4	R-COH-CALLER-DRIFT	1	blocking	0	-
assistente-pessoal	2026-08-31T13:04:44Z	0	code-review	google-calendar-read-phase-5-consent-made-visible	4	R-COH-CONFIG-DANGLING	1	blocking	0	-
assistente-pessoal	2026-08-31T13:04:44Z	0	code-review	google-calendar-read-phase-5-consent-made-visible	4	R-COH-DEAD-IMPORT	1	blocking	0	-
assistente-pessoal	2026-08-31T13:04:44Z	0	code-review	google-calendar-read-phase-5-consent-made-visible	4	R-COH-REGISTRY-MISSING	1	blocking	0	-
assistente-pessoal	2026-08-31T13:04:44Z	0	code-review	google-calendar-read-phase-5-consent-made-visible	4	R-COH-SEMANTIC-DEGRADED	1	blocking	0	-
assistente-pessoal	2026-08-31T13:04:44Z	0	code-review	google-calendar-read-phase-5-consent-made-visible	4	R-COH-TASK-CONTRADICTION	1	blocking	0	-
assistente-pessoal	2026-08-31T13:04:44Z	0	code-review	google-calendar-read-phase-5-consent-made-visible	4	R-L1	1	blocking	0	-
assistente-pessoal	2026-08-31T13:04:44Z	0	code-review	google-calendar-read-phase-5-consent-made-visible	4	R-L2	1	blocking	0	-
assistente-pessoal	2026-08-31T13:04:44Z	0	code-review	google-calendar-read-phase-5-consent-made-visible	4	R-L3	1	blocking	0	-
assistente-pessoal	2026-08-31T13:04:44Z	0	code-review	google-calendar-read-phase-5-consent-made-visible	4	R-S1	1	blocking	0	-
assistente-pessoal	2026-08-31T13:04:44Z	0	code-review	google-calendar-read-phase-5-consent-made-visible	4	R-S2	1	blocking	0	-
assistente-pessoal	2026-08-31T13:04:44Z	0	code-review	google-calendar-read-phase-5-consent-made-visible	4	R-S3	1	blocking	0	-
assistente-pessoal	2026-08-31T13:04:44Z	0	code-review	google-calendar-read-phase-5-consent-made-visible	4	R-SEM	1	blocking	0	-
assistente-pessoal	2026-08-31T13:04:44Z	0	code-review	google-calendar-read-phase-5-consent-made-visible	4	R-X	1	blocking	0	-
assistente-pessoal	2026-08-05T03:31:51Z	0	code-review	install-and-quick-capture-phase-1-share-target	1	R-COH-CALLER-DRIFT	1	blocking	0	-
assistente-pessoal	2026-08-05T03:31:51Z	0	code-review	install-and-quick-capture-phase-1-share-target	1	R-COH-CONFIG-DANGLING	1	blocking	0	-
assistente-pessoal	2026-08-05T03:31:51Z	0	code-review	install-and-quick-capture-phase-1-share-target	1	R-COH-DEAD-IMPORT	1	blocking	0	-
assistente-pessoal	2026-08-05T03:31:51Z	0	code-review	install-and-quick-capture-phase-1-share-target	1	R-COH-REGISTRY-MISSING	1	blocking	0	-
assistente-pessoal	2026-08-05T03:31:51Z	0	code-review	install-and-quick-capture-phase-1-share-target	1	R-COH-TASK-CONTRADICTION	1	blocking	0	-
assistente-pessoal	2026-08-05T03:31:51Z	0	code-review	install-and-quick-capture-phase-1-share-target	1	R-L1	1	blocking	0	-
assistente-pessoal	2026-08-05T03:31:51Z	0	code-review	install-and-quick-capture-phase-1-share-target	1	R-L2	1	blocking	0	-
assistente-pessoal	2026-08-05T03:31:51Z	0	code-review	install-and-quick-capture-phase-1-share-target	1	R-L3	1	blocking	0	-
assistente-pessoal	2026-08-05T03:31:51Z	0	code-review	install-and-quick-capture-phase-1-share-target	1	R-S1	1	blocking	0	-
assistente-pessoal	2026-08-05T03:31:51Z	0	code-review	install-and-quick-capture-phase-1-share-target	1	R-S2	1	blocking	0	-
assistente-pessoal	2026-08-05T03:31:51Z	0	code-review	install-and-quick-capture-phase-1-share-target	1	R-S3	1	blocking	0	-
assistente-pessoal	2026-08-05T03:31:51Z	0	code-review	install-and-quick-capture-phase-1-share-target	1	R-SEM	1	blocking	0	-
assistente-pessoal	2026-08-05T03:31:51Z	0	code-review	install-and-quick-capture-phase-1-share-target	1	R-X	1	blocking	0	-
assistente-pessoal	2026-08-11T14:50:36Z	0	code-review	install-and-quick-capture-phase-2-durable-token	1	R-COH-CALLER-DRIFT	1	blocking	0	-
assistente-pessoal	2026-08-11T14:50:36Z	0	code-review	install-and-quick-capture-phase-2-durable-token	1	R-COH-CONFIG-DANGLING	1	blocking	0	-
assistente-pessoal	2026-08-11T14:50:36Z	0	code-review	install-and-quick-capture-phase-2-durable-token	1	R-COH-DEAD-IMPORT	1	blocking	0	-
assistente-pessoal	2026-08-11T14:50:36Z	0	code-review	install-and-quick-capture-phase-2-durable-token	1	R-COH-REGISTRY-MISSING	1	blocking	0	-
assistente-pessoal	2026-08-11T14:50:36Z	0	code-review	install-and-quick-capture-phase-2-durable-token	1	R-COH-TASK-CONTRADICTION	1	blocking	0	-
assistente-pessoal	2026-08-11T14:50:36Z	0	code-review	install-and-quick-capture-phase-2-durable-token	1	R-L1	1	blocking	0	-
assistente-pessoal	2026-08-11T14:50:36Z	0	code-review	install-and-quick-capture-phase-2-durable-token	1	R-L2	1	blocking	0	-
assistente-pessoal	2026-08-11T14:50:36Z	0	code-review	install-and-quick-capture-phase-2-durable-token	1	R-L3	1	blocking	0	-
assistente-pessoal	2026-08-11T14:50:36Z	0	code-review	install-and-quick-capture-phase-2-durable-token	1	R-S1	1	blocking	0	-
assistente-pessoal	2026-08-11T14:50:36Z	0	code-review	install-and-quick-capture-phase-2-durable-token	1	R-S2	1	blocking	0	-
assistente-pessoal	2026-08-11T14:50:36Z	0	code-review	install-and-quick-capture-phase-2-durable-token	1	R-S3	1	blocking	0	-
assistente-pessoal	2026-08-11T14:50:36Z	0	code-review	install-and-quick-capture-phase-2-durable-token	1	R-SEM	1	blocking	0	-
assistente-pessoal	2026-08-11T14:50:36Z	0	code-review	install-and-quick-capture-phase-2-durable-token	1	R-X	1	blocking	0	-
assistente-pessoal	2026-08-05T04:38:28Z	0	code-review	install-and-quick-capture-phase-3-shortcut-and-focused-capture	1	R-COH-CALLER-DRIFT	1	blocking	0	-
assistente-pessoal	2026-08-05T04:38:28Z	0	code-review	install-and-quick-capture-phase-3-shortcut-and-focused-capture	1	R-COH-CONFIG-DANGLING	1	blocking	0	-
assistente-pessoal	2026-08-05T04:38:28Z	0	code-review	install-and-quick-capture-phase-3-shortcut-and-focused-capture	1	R-COH-DEAD-IMPORT	1	blocking	0	-
assistente-pessoal	2026-08-05T04:38:28Z	0	code-review	install-and-quick-capture-phase-3-shortcut-and-focused-capture	1	R-COH-REGISTRY-MISSING	1	blocking	0	-
assistente-pessoal	2026-08-05T04:38:28Z	0	code-review	install-and-quick-capture-phase-3-shortcut-and-focused-capture	1	R-COH-TASK-CONTRADICTION	1	blocking	0	-
assistente-pessoal	2026-08-05T04:38:28Z	0	code-review	install-and-quick-capture-phase-3-shortcut-and-focused-capture	1	R-L1	1	blocking	0	-
assistente-pessoal	2026-08-05T04:38:28Z	0	code-review	install-and-quick-capture-phase-3-shortcut-and-focused-capture	1	R-L2	1	blocking	0	-
assistente-pessoal	2026-08-05T04:38:28Z	0	code-review	install-and-quick-capture-phase-3-shortcut-and-focused-capture	1	R-L3	1	blocking	0	-
assistente-pessoal	2026-08-05T04:38:28Z	0	code-review	install-and-quick-capture-phase-3-shortcut-and-focused-capture	1	R-S1	1	blocking	0	-
assistente-pessoal	2026-08-05T04:38:28Z	0	code-review	install-and-quick-capture-phase-3-shortcut-and-focused-capture	1	R-S2	1	blocking	0	-
assistente-pessoal	2026-08-05T04:38:28Z	0	code-review	install-and-quick-capture-phase-3-shortcut-and-focused-capture	1	R-S3	1	blocking	0	-
assistente-pessoal	2026-08-05T04:38:28Z	0	code-review	install-and-quick-capture-phase-3-shortcut-and-focused-capture	1	R-SEM	1	blocking	0	-
assistente-pessoal	2026-08-05T04:38:28Z	0	code-review	install-and-quick-capture-phase-3-shortcut-and-focused-capture	1	R-X	1	blocking	0	-
assistente-pessoal	2026-08-05T14:54:33Z	0	code-review	install-and-quick-capture-phase-4-network-honesty	1	R-COH-CALLER-DRIFT	1	blocking	0	-
assistente-pessoal	2026-08-05T14:54:33Z	0	code-review	install-and-quick-capture-phase-4-network-honesty	1	R-COH-CONFIG-DANGLING	1	blocking	0	-
assistente-pessoal	2026-08-05T14:54:33Z	0	code-review	install-and-quick-capture-phase-4-network-honesty	1	R-COH-DEAD-IMPORT	1	blocking	0	-
assistente-pessoal	2026-08-05T14:54:33Z	0	code-review	install-and-quick-capture-phase-4-network-honesty	1	R-COH-REGISTRY-MISSING	1	blocking	0	-
assistente-pessoal	2026-08-05T14:54:33Z	0	code-review	install-and-quick-capture-phase-4-network-honesty	1	R-COH-TASK-CONTRADICTION	1	blocking	0	-
assistente-pessoal	2026-08-05T14:54:33Z	0	code-review	install-and-quick-capture-phase-4-network-honesty	1	R-L1	1	blocking	0	-
assistente-pessoal	2026-08-05T14:54:33Z	0	code-review	install-and-quick-capture-phase-4-network-honesty	1	R-L2	1	blocking	0	-
assistente-pessoal	2026-08-05T14:54:33Z	0	code-review	install-and-quick-capture-phase-4-network-honesty	1	R-L3	1	blocking	0	-
assistente-pessoal	2026-08-05T14:54:33Z	0	code-review	install-and-quick-capture-phase-4-network-honesty	1	R-S1	1	blocking	0	-
assistente-pessoal	2026-08-05T14:54:33Z	0	code-review	install-and-quick-capture-phase-4-network-honesty	1	R-S2	1	blocking	0	-
assistente-pessoal	2026-08-05T14:54:33Z	0	code-review	install-and-quick-capture-phase-4-network-honesty	1	R-S3	1	blocking	0	-
assistente-pessoal	2026-08-05T14:54:33Z	0	code-review	install-and-quick-capture-phase-4-network-honesty	1	R-SEM	1	blocking	0	-
assistente-pessoal	2026-08-05T14:54:33Z	0	code-review	install-and-quick-capture-phase-4-network-honesty	1	R-X	1	blocking	0	-
assistente-pessoal	2026-08-15T21:56:00Z	0	code-review	task-detail-and-dates-phase-1-priority-as-a-domain-enum	1	R-L1	1	blocking	0	-
assistente-pessoal	2026-08-15T21:56:00Z	0	code-review	task-detail-and-dates-phase-1-priority-as-a-domain-enum	1	R-L2	1	blocking	0	-
assistente-pessoal	2026-08-15T21:56:00Z	0	code-review	task-detail-and-dates-phase-1-priority-as-a-domain-enum	1	R-L3	1	blocking	0	-
assistente-pessoal	2026-08-15T21:56:00Z	0	code-review	task-detail-and-dates-phase-1-priority-as-a-domain-enum	1	R-S1	1	blocking	0	-
assistente-pessoal	2026-08-15T21:56:00Z	0	code-review	task-detail-and-dates-phase-1-priority-as-a-domain-enum	1	R-S2	1	blocking	0	-
assistente-pessoal	2026-08-15T21:56:00Z	0	code-review	task-detail-and-dates-phase-1-priority-as-a-domain-enum	1	R-S3	1	blocking	0	-
assistente-pessoal	2026-08-15T21:56:00Z	0	code-review	task-detail-and-dates-phase-1-priority-as-a-domain-enum	1	R-SEM	1	blocking	0	-
assistente-pessoal	2026-08-15T21:56:00Z	0	code-review	task-detail-and-dates-phase-1-priority-as-a-domain-enum	1	R-X	1	blocking	0	-
assistente-pessoal	2026-08-15T22:09:00Z	0	code-review	task-detail-and-dates-phase-2-task-update-route	1	R-L1	1	blocking	0	-
assistente-pessoal	2026-08-15T22:09:00Z	0	code-review	task-detail-and-dates-phase-2-task-update-route	1	R-L2	1	blocking	0	-
assistente-pessoal	2026-08-15T22:09:00Z	0	code-review	task-detail-and-dates-phase-2-task-update-route	1	R-L3	1	blocking	0	-
assistente-pessoal	2026-08-15T22:09:00Z	0	code-review	task-detail-and-dates-phase-2-task-update-route	1	R-PLAN-GATE-CORRECTION	1	advisory	0	-
assistente-pessoal	2026-08-15T22:09:00Z	0	code-review	task-detail-and-dates-phase-2-task-update-route	1	R-S1	1	blocking	0	-
assistente-pessoal	2026-08-15T22:09:00Z	0	code-review	task-detail-and-dates-phase-2-task-update-route	1	R-S2	0	advisory	0	-
assistente-pessoal	2026-08-15T22:09:00Z	0	code-review	task-detail-and-dates-phase-2-task-update-route	1	R-S3	1	blocking	0	-
assistente-pessoal	2026-08-15T22:09:00Z	0	code-review	task-detail-and-dates-phase-2-task-update-route	1	R-SEM	1	blocking	0	-
assistente-pessoal	2026-08-15T22:09:00Z	0	code-review	task-detail-and-dates-phase-2-task-update-route	1	R-X	1	blocking	0	-
assistente-pessoal	2026-08-15T22:25:00Z	0	code-review	task-detail-and-dates-phase-3-frozen-read-contract	1	R-L1	1	blocking	0	-
assistente-pessoal	2026-08-15T22:25:00Z	0	code-review	task-detail-and-dates-phase-3-frozen-read-contract	1	R-L2	1	blocking	0	-
assistente-pessoal	2026-08-15T22:25:00Z	0	code-review	task-detail-and-dates-phase-3-frozen-read-contract	1	R-L3	1	blocking	0	-
assistente-pessoal	2026-08-15T22:25:00Z	0	code-review	task-detail-and-dates-phase-3-frozen-read-contract	1	R-S1	1	blocking	0	-
assistente-pessoal	2026-08-15T22:25:00Z	0	code-review	task-detail-and-dates-phase-3-frozen-read-contract	1	R-S2	1	blocking	0	-
assistente-pessoal	2026-08-15T22:25:00Z	0	code-review	task-detail-and-dates-phase-3-frozen-read-contract	1	R-S3	1	blocking	0	-
assistente-pessoal	2026-08-15T22:25:00Z	0	code-review	task-detail-and-dates-phase-3-frozen-read-contract	1	R-SCOPE-DECLARED-DEVIATION	1	advisory	0	-
assistente-pessoal	2026-08-15T22:25:00Z	0	code-review	task-detail-and-dates-phase-3-frozen-read-contract	1	R-SEM	1	blocking	0	-
assistente-pessoal	2026-08-15T22:25:00Z	0	code-review	task-detail-and-dates-phase-3-frozen-read-contract	1	R-X	1	blocking	0	-
assistente-pessoal	2026-08-15T22:52:00Z	0	code-review	task-detail-and-dates-phase-4-detail-screen-and-inline-title-edit	1	R-L1	1	blocking	0	-
assistente-pessoal	2026-08-15T22:52:00Z	0	code-review	task-detail-and-dates-phase-4-detail-screen-and-inline-title-edit	1	R-L2	1	blocking	0	-
assistente-pessoal	2026-08-15T22:52:00Z	0	code-review	task-detail-and-dates-phase-4-detail-screen-and-inline-title-edit	1	R-L3	1	blocking	0	-
assistente-pessoal	2026-08-15T22:52:00Z	0	code-review	task-detail-and-dates-phase-4-detail-screen-and-inline-title-edit	1	R-MANUAL-VERIFICATION	1	advisory	0	-
assistente-pessoal	2026-08-15T22:52:00Z	0	code-review	task-detail-and-dates-phase-4-detail-screen-and-inline-title-edit	1	R-S1	1	blocking	0	-
assistente-pessoal	2026-08-15T22:52:00Z	0	code-review	task-detail-and-dates-phase-4-detail-screen-and-inline-title-edit	1	R-S2	1	blocking	0	-
assistente-pessoal	2026-08-15T22:52:00Z	0	code-review	task-detail-and-dates-phase-4-detail-screen-and-inline-title-edit	1	R-S3	1	blocking	0	-
assistente-pessoal	2026-08-15T22:52:00Z	0	code-review	task-detail-and-dates-phase-4-detail-screen-and-inline-title-edit	1	R-SEM	1	blocking	0	-
assistente-pessoal	2026-08-15T22:52:00Z	0	code-review	task-detail-and-dates-phase-4-detail-screen-and-inline-title-edit	1	R-X	1	blocking	0	-
assistente-pessoal	2026-08-23T17:40:00Z	0	code-review	today-view-and-filters-phase-1-list-filters-on-the-api	1	R-COH-CALLER-DRIFT	1	blocking	0	-
assistente-pessoal	2026-08-23T17:40:00Z	0	code-review	today-view-and-filters-phase-1-list-filters-on-the-api	1	R-COH-CONFIG-DANGLING	1	blocking	0	-
assistente-pessoal	2026-08-23T17:40:00Z	0	code-review	today-view-and-filters-phase-1-list-filters-on-the-api	1	R-COH-DEAD-IMPORT	1	blocking	0	-
assistente-pessoal	2026-08-23T17:40:00Z	0	code-review	today-view-and-filters-phase-1-list-filters-on-the-api	1	R-COH-REGISTRY-MISSING	1	blocking	0	-
assistente-pessoal	2026-08-23T17:40:00Z	0	code-review	today-view-and-filters-phase-1-list-filters-on-the-api	1	R-COH-TASK-CONTRADICTION	1	blocking	0	-
assistente-pessoal	2026-08-23T17:40:00Z	0	code-review	today-view-and-filters-phase-1-list-filters-on-the-api	1	R-L1	1	blocking	0	-
assistente-pessoal	2026-08-23T17:40:00Z	0	code-review	today-view-and-filters-phase-1-list-filters-on-the-api	1	R-L2	1	blocking	0	-
assistente-pessoal	2026-08-23T17:40:00Z	0	code-review	today-view-and-filters-phase-1-list-filters-on-the-api	1	R-L3	1	blocking	0	-
assistente-pessoal	2026-08-23T17:40:00Z	0	code-review	today-view-and-filters-phase-1-list-filters-on-the-api	1	R-S1	1	blocking	0	-
assistente-pessoal	2026-08-23T17:40:00Z	0	code-review	today-view-and-filters-phase-1-list-filters-on-the-api	1	R-S2	1	blocking	0	-
assistente-pessoal	2026-08-23T17:40:00Z	0	code-review	today-view-and-filters-phase-1-list-filters-on-the-api	1	R-S3	1	blocking	0	-
assistente-pessoal	2026-08-23T17:40:00Z	0	code-review	today-view-and-filters-phase-1-list-filters-on-the-api	1	R-SEM	1	blocking	0	-
assistente-pessoal	2026-08-23T17:40:00Z	0	code-review	today-view-and-filters-phase-1-list-filters-on-the-api	1	R-X	1	blocking	0	-
assistente-pessoal	2026-08-23T19:35:00Z	0	code-review	today-view-and-filters-phase-2-grouping-and-the-grouped-list	1	R-COH-CALLER-DRIFT	1	blocking	0	-
assistente-pessoal	2026-08-23T19:35:00Z	0	code-review	today-view-and-filters-phase-2-grouping-and-the-grouped-list	1	R-COH-COMMENT-MISMATCH	1	blocking	0	-
assistente-pessoal	2026-08-23T19:35:00Z	0	code-review	today-view-and-filters-phase-2-grouping-and-the-grouped-list	1	R-COH-CONFIG-DANGLING	1	blocking	0	-
assistente-pessoal	2026-08-23T19:35:00Z	0	code-review	today-view-and-filters-phase-2-grouping-and-the-grouped-list	1	R-COH-DEAD-IMPORT	1	blocking	0	-
assistente-pessoal	2026-08-23T19:35:00Z	0	code-review	today-view-and-filters-phase-2-grouping-and-the-grouped-list	1	R-COH-REGISTRY-MISSING	1	blocking	0	-
assistente-pessoal	2026-08-23T19:35:00Z	0	code-review	today-view-and-filters-phase-2-grouping-and-the-grouped-list	1	R-COH-TASK-CONTRADICTION	1	blocking	0	-
assistente-pessoal	2026-08-23T19:35:00Z	0	code-review	today-view-and-filters-phase-2-grouping-and-the-grouped-list	1	R-L1	1	blocking	0	-
assistente-pessoal	2026-08-23T19:35:00Z	0	code-review	today-view-and-filters-phase-2-grouping-and-the-grouped-list	1	R-L2	1	blocking	0	-
assistente-pessoal	2026-08-23T19:35:00Z	0	code-review	today-view-and-filters-phase-2-grouping-and-the-grouped-list	1	R-L3	1	blocking	0	-
assistente-pessoal	2026-08-23T19:35:00Z	0	code-review	today-view-and-filters-phase-2-grouping-and-the-grouped-list	1	R-S1	1	blocking	0	-
assistente-pessoal	2026-08-23T19:35:00Z	0	code-review	today-view-and-filters-phase-2-grouping-and-the-grouped-list	1	R-S2	1	blocking	0	-
assistente-pessoal	2026-08-23T19:35:00Z	0	code-review	today-view-and-filters-phase-2-grouping-and-the-grouped-list	1	R-S3	1	blocking	0	-
assistente-pessoal	2026-08-23T19:35:00Z	0	code-review	today-view-and-filters-phase-2-grouping-and-the-grouped-list	1	R-SEM	1	blocking	0	-
assistente-pessoal	2026-08-23T19:35:00Z	0	code-review	today-view-and-filters-phase-2-grouping-and-the-grouped-list	1	R-X	1	blocking	0	-
assistente-pessoal	2026-08-24T13:30:00Z	0	code-review	today-view-and-filters-phase-3-quick-filters-and-the-filter-sheet	1	R-COH-CALLER-DRIFT	1	blocking	0	-
assistente-pessoal	2026-08-24T13:30:00Z	0	code-review	today-view-and-filters-phase-3-quick-filters-and-the-filter-sheet	1	R-COH-CONFIG-DANGLING	1	blocking	0	-
assistente-pessoal	2026-08-24T13:30:00Z	0	code-review	today-view-and-filters-phase-3-quick-filters-and-the-filter-sheet	1	R-COH-DEAD-IMPORT	1	blocking	0	-
assistente-pessoal	2026-08-24T13:30:00Z	0	code-review	today-view-and-filters-phase-3-quick-filters-and-the-filter-sheet	1	R-COH-OTHER-INTERNAL-CONTRADICTION	0	blocking	0	-
assistente-pessoal	2026-08-24T13:30:00Z	0	code-review	today-view-and-filters-phase-3-quick-filters-and-the-filter-sheet	1	R-COH-REGISTRY-MISSING	1	blocking	0	-
assistente-pessoal	2026-08-24T13:30:00Z	0	code-review	today-view-and-filters-phase-3-quick-filters-and-the-filter-sheet	1	R-COH-TASK-CONTRADICTION	1	blocking	0	-
assistente-pessoal	2026-08-24T13:30:00Z	0	code-review	today-view-and-filters-phase-3-quick-filters-and-the-filter-sheet	1	R-L1	1	blocking	0	-
assistente-pessoal	2026-08-24T13:30:00Z	0	code-review	today-view-and-filters-phase-3-quick-filters-and-the-filter-sheet	1	R-L2	1	blocking	0	-
assistente-pessoal	2026-08-24T13:30:00Z	0	code-review	today-view-and-filters-phase-3-quick-filters-and-the-filter-sheet	1	R-L3	1	blocking	0	-
assistente-pessoal	2026-08-24T13:30:00Z	0	code-review	today-view-and-filters-phase-3-quick-filters-and-the-filter-sheet	1	R-S1	1	blocking	0	-
assistente-pessoal	2026-08-24T13:30:00Z	0	code-review	today-view-and-filters-phase-3-quick-filters-and-the-filter-sheet	1	R-S2	1	blocking	0	-
assistente-pessoal	2026-08-24T13:30:00Z	0	code-review	today-view-and-filters-phase-3-quick-filters-and-the-filter-sheet	1	R-S3	1	blocking	0	-
assistente-pessoal	2026-08-24T13:30:00Z	0	code-review	today-view-and-filters-phase-3-quick-filters-and-the-filter-sheet	1	R-SEM	1	blocking	0	-
assistente-pessoal	2026-08-24T13:30:00Z	0	code-review	today-view-and-filters-phase-3-quick-filters-and-the-filter-sheet	1	R-X	1	blocking	0	-
assistente-pessoal	2026-08-24T14:15:00Z	0	code-review	today-view-and-filters-phase-3-quick-filters-and-the-filter-sheet	2	R-COH-CALLER-DRIFT	1	blocking	0	-
assistente-pessoal	2026-08-24T14:15:00Z	0	code-review	today-view-and-filters-phase-3-quick-filters-and-the-filter-sheet	2	R-COH-CONFIG-DANGLING	1	blocking	0	-
assistente-pessoal	2026-08-24T14:15:00Z	0	code-review	today-view-and-filters-phase-3-quick-filters-and-the-filter-sheet	2	R-COH-DEAD-IMPORT	1	blocking	0	-
assistente-pessoal	2026-08-24T14:15:00Z	0	code-review	today-view-and-filters-phase-3-quick-filters-and-the-filter-sheet	2	R-COH-OTHER-INTERNAL-CONTRADICTION	0	blocking	0	-
assistente-pessoal	2026-08-24T14:15:00Z	0	code-review	today-view-and-filters-phase-3-quick-filters-and-the-filter-sheet	2	R-COH-REGISTRY-MISSING	1	blocking	0	-
assistente-pessoal	2026-08-24T14:15:00Z	0	code-review	today-view-and-filters-phase-3-quick-filters-and-the-filter-sheet	2	R-COH-TASK-CONTRADICTION	1	blocking	0	-
assistente-pessoal	2026-08-24T14:15:00Z	0	code-review	today-view-and-filters-phase-3-quick-filters-and-the-filter-sheet	2	R-L1	1	blocking	0	-
assistente-pessoal	2026-08-24T14:15:00Z	0	code-review	today-view-and-filters-phase-3-quick-filters-and-the-filter-sheet	2	R-L2	1	blocking	0	-
assistente-pessoal	2026-08-24T14:15:00Z	0	code-review	today-view-and-filters-phase-3-quick-filters-and-the-filter-sheet	2	R-L3	1	blocking	0	-
assistente-pessoal	2026-08-24T14:15:00Z	0	code-review	today-view-and-filters-phase-3-quick-filters-and-the-filter-sheet	2	R-S1	1	blocking	0	-
assistente-pessoal	2026-08-24T14:15:00Z	0	code-review	today-view-and-filters-phase-3-quick-filters-and-the-filter-sheet	2	R-S2	1	blocking	0	-
assistente-pessoal	2026-08-24T14:15:00Z	0	code-review	today-view-and-filters-phase-3-quick-filters-and-the-filter-sheet	2	R-S3	1	blocking	0	-
assistente-pessoal	2026-08-24T14:15:00Z	0	code-review	today-view-and-filters-phase-3-quick-filters-and-the-filter-sheet	2	R-SEM	1	blocking	0	-
assistente-pessoal	2026-08-24T14:15:00Z	0	code-review	today-view-and-filters-phase-3-quick-filters-and-the-filter-sheet	2	R-X	1	blocking	0	-
assistente-pessoal	2026-08-21T20:59:29Z	0	code-review	ui-design-pass-phase-1-chrome-fonts-and-foundation	1	R-COH-CALLER-DRIFT	1	blocking	0	-
assistente-pessoal	2026-08-21T20:59:29Z	0	code-review	ui-design-pass-phase-1-chrome-fonts-and-foundation	1	R-COH-COMMENT-MISMATCH	1	blocking	0	-
assistente-pessoal	2026-08-21T20:59:29Z	0	code-review	ui-design-pass-phase-1-chrome-fonts-and-foundation	1	R-COH-CONFIG-DANGLING	1	blocking	0	-
assistente-pessoal	2026-08-21T20:59:29Z	0	code-review	ui-design-pass-phase-1-chrome-fonts-and-foundation	1	R-COH-DEAD-IMPORT	1	blocking	0	-
assistente-pessoal	2026-08-21T20:59:29Z	0	code-review	ui-design-pass-phase-1-chrome-fonts-and-foundation	1	R-COH-REGISTRY-MISSING	1	blocking	0	-
assistente-pessoal	2026-08-21T20:59:29Z	0	code-review	ui-design-pass-phase-1-chrome-fonts-and-foundation	1	R-COH-TASK-CONTRADICTION	1	blocking	0	-
assistente-pessoal	2026-08-21T20:59:29Z	0	code-review	ui-design-pass-phase-1-chrome-fonts-and-foundation	1	R-L1	1	blocking	0	-
assistente-pessoal	2026-08-21T20:59:29Z	0	code-review	ui-design-pass-phase-1-chrome-fonts-and-foundation	1	R-L2	1	blocking	0	-
assistente-pessoal	2026-08-21T20:59:29Z	0	code-review	ui-design-pass-phase-1-chrome-fonts-and-foundation	1	R-L3	1	blocking	0	-
assistente-pessoal	2026-08-21T20:59:29Z	0	code-review	ui-design-pass-phase-1-chrome-fonts-and-foundation	1	R-S1	1	blocking	0	-
assistente-pessoal	2026-08-21T20:59:29Z	0	code-review	ui-design-pass-phase-1-chrome-fonts-and-foundation	1	R-S2	1	blocking	0	-
assistente-pessoal	2026-08-21T20:59:29Z	0	code-review	ui-design-pass-phase-1-chrome-fonts-and-foundation	1	R-S3	1	blocking	0	-
assistente-pessoal	2026-08-21T20:59:29Z	0	code-review	ui-design-pass-phase-1-chrome-fonts-and-foundation	1	R-SEM	1	blocking	0	-
assistente-pessoal	2026-08-21T20:59:29Z	0	code-review	ui-design-pass-phase-1-chrome-fonts-and-foundation	1	R-X	1	blocking	0	-
assistente-pessoal	2026-08-21T22:49:59Z	0	code-review	ui-design-pass-phase-2-today-screen	1	R-COH-CALLER-DRIFT	1	blocking	0	-
assistente-pessoal	2026-08-21T22:49:59Z	0	code-review	ui-design-pass-phase-2-today-screen	1	R-COH-CONFIG-DANGLING	1	blocking	0	-
assistente-pessoal	2026-08-21T22:49:59Z	0	code-review	ui-design-pass-phase-2-today-screen	1	R-COH-DEAD-IMPORT	1	blocking	0	-
assistente-pessoal	2026-08-21T22:49:59Z	0	code-review	ui-design-pass-phase-2-today-screen	1	R-COH-REGISTRY-MISSING	1	blocking	0	-
assistente-pessoal	2026-08-21T22:49:59Z	0	code-review	ui-design-pass-phase-2-today-screen	1	R-COH-TASK-CONTRADICTION	1	blocking	0	-
assistente-pessoal	2026-08-21T22:49:59Z	0	code-review	ui-design-pass-phase-2-today-screen	1	R-L1	1	blocking	0	-
assistente-pessoal	2026-08-21T22:49:59Z	0	code-review	ui-design-pass-phase-2-today-screen	1	R-L2	1	blocking	0	-
assistente-pessoal	2026-08-21T22:49:59Z	0	code-review	ui-design-pass-phase-2-today-screen	1	R-L3	1	blocking	0	-
assistente-pessoal	2026-08-21T22:49:59Z	0	code-review	ui-design-pass-phase-2-today-screen	1	R-S1	1	blocking	0	-
assistente-pessoal	2026-08-21T22:49:59Z	0	code-review	ui-design-pass-phase-2-today-screen	1	R-S2	1	blocking	0	-
assistente-pessoal	2026-08-21T22:49:59Z	0	code-review	ui-design-pass-phase-2-today-screen	1	R-S3	1	blocking	0	-
assistente-pessoal	2026-08-21T22:49:59Z	0	code-review	ui-design-pass-phase-2-today-screen	1	R-SEM	1	blocking	0	-
assistente-pessoal	2026-08-21T22:49:59Z	0	code-review	ui-design-pass-phase-2-today-screen	1	R-X	1	blocking	0	-
assistente-pessoal	2026-08-21T23:31:30Z	0	code-review	ui-design-pass-phase-2-today-screen	2	R-COH-CALLER-DRIFT	1	blocking	0	-
assistente-pessoal	2026-08-21T23:31:30Z	0	code-review	ui-design-pass-phase-2-today-screen	2	R-COH-CONFIG-DANGLING	1	blocking	0	-
assistente-pessoal	2026-08-21T23:31:30Z	0	code-review	ui-design-pass-phase-2-today-screen	2	R-COH-DEAD-IMPORT	1	blocking	0	-
assistente-pessoal	2026-08-21T23:31:30Z	0	code-review	ui-design-pass-phase-2-today-screen	2	R-COH-REGISTRY-MISSING	1	blocking	0	-
assistente-pessoal	2026-08-21T23:31:30Z	0	code-review	ui-design-pass-phase-2-today-screen	2	R-COH-TASK-CONTRADICTION	1	blocking	0	-
assistente-pessoal	2026-08-21T23:31:30Z	0	code-review	ui-design-pass-phase-2-today-screen	2	R-L1	1	blocking	0	-
assistente-pessoal	2026-08-21T23:31:30Z	0	code-review	ui-design-pass-phase-2-today-screen	2	R-L2	1	blocking	0	-
assistente-pessoal	2026-08-21T23:31:30Z	0	code-review	ui-design-pass-phase-2-today-screen	2	R-L3	1	blocking	0	-
assistente-pessoal	2026-08-21T23:31:30Z	0	code-review	ui-design-pass-phase-2-today-screen	2	R-S1	1	blocking	0	-
assistente-pessoal	2026-08-21T23:31:30Z	0	code-review	ui-design-pass-phase-2-today-screen	2	R-S2	1	blocking	0	-
assistente-pessoal	2026-08-21T23:31:30Z	0	code-review	ui-design-pass-phase-2-today-screen	2	R-S3	1	blocking	0	-
assistente-pessoal	2026-08-21T23:31:30Z	0	code-review	ui-design-pass-phase-2-today-screen	2	R-SEM	1	blocking	0	-
assistente-pessoal	2026-08-21T23:31:30Z	0	code-review	ui-design-pass-phase-2-today-screen	2	R-X	1	blocking	0	-
assistente-pessoal	2026-08-22T21:38:51Z	0	code-review	ui-design-pass-phase-3-sheet-confirmation-and-token-gate	1	R-COH-CALLER-DRIFT	1	blocking	0	-
assistente-pessoal	2026-08-22T21:38:51Z	0	code-review	ui-design-pass-phase-3-sheet-confirmation-and-token-gate	1	R-COH-CONFIG-DANGLING	1	blocking	0	-
assistente-pessoal	2026-08-22T21:38:51Z	0	code-review	ui-design-pass-phase-3-sheet-confirmation-and-token-gate	1	R-COH-DEAD-IMPORT	1	blocking	0	-
assistente-pessoal	2026-08-22T21:38:51Z	0	code-review	ui-design-pass-phase-3-sheet-confirmation-and-token-gate	1	R-COH-OTHER-INTERNAL-CONTRADICTION	0	blocking	0	-
assistente-pessoal	2026-08-22T21:38:51Z	0	code-review	ui-design-pass-phase-3-sheet-confirmation-and-token-gate	1	R-COH-REGISTRY-MISSING	1	blocking	0	-
assistente-pessoal	2026-08-22T21:38:51Z	0	code-review	ui-design-pass-phase-3-sheet-confirmation-and-token-gate	1	R-COH-TASK-CONTRADICTION	1	blocking	0	-
assistente-pessoal	2026-08-22T21:38:51Z	0	code-review	ui-design-pass-phase-3-sheet-confirmation-and-token-gate	1	R-L1	1	blocking	0	-
assistente-pessoal	2026-08-22T21:38:51Z	0	code-review	ui-design-pass-phase-3-sheet-confirmation-and-token-gate	1	R-L2	1	blocking	0	-
assistente-pessoal	2026-08-22T21:38:51Z	0	code-review	ui-design-pass-phase-3-sheet-confirmation-and-token-gate	1	R-L3	1	blocking	0	-
assistente-pessoal	2026-08-22T21:38:51Z	0	code-review	ui-design-pass-phase-3-sheet-confirmation-and-token-gate	1	R-S1	1	blocking	0	-
assistente-pessoal	2026-08-22T21:38:51Z	0	code-review	ui-design-pass-phase-3-sheet-confirmation-and-token-gate	1	R-S2	1	blocking	0	-
assistente-pessoal	2026-08-22T21:38:51Z	0	code-review	ui-design-pass-phase-3-sheet-confirmation-and-token-gate	1	R-S3	1	blocking	0	-
assistente-pessoal	2026-08-22T21:38:51Z	0	code-review	ui-design-pass-phase-3-sheet-confirmation-and-token-gate	1	R-SEM	0	blocking	0	-
assistente-pessoal	2026-08-22T21:38:51Z	0	code-review	ui-design-pass-phase-3-sheet-confirmation-and-token-gate	1	R-X	1	blocking	0	-
assistente-pessoal	2026-08-22T22:27:30Z	0	code-review	ui-design-pass-phase-3-sheet-confirmation-and-token-gate	2	R-COH-CALLER-DRIFT	1	blocking	0	-
assistente-pessoal	2026-08-22T22:27:30Z	0	code-review	ui-design-pass-phase-3-sheet-confirmation-and-token-gate	2	R-COH-CONFIG-DANGLING	1	blocking	0	-
assistente-pessoal	2026-08-22T22:27:30Z	0	code-review	ui-design-pass-phase-3-sheet-confirmation-and-token-gate	2	R-COH-DEAD-IMPORT	1	blocking	0	-
assistente-pessoal	2026-08-22T22:27:30Z	0	code-review	ui-design-pass-phase-3-sheet-confirmation-and-token-gate	2	R-COH-REGISTRY-MISSING	1	blocking	0	-
assistente-pessoal	2026-08-22T22:27:30Z	0	code-review	ui-design-pass-phase-3-sheet-confirmation-and-token-gate	2	R-COH-SEMANTIC-DEGRADED	1	blocking	0	-
assistente-pessoal	2026-08-22T22:27:30Z	0	code-review	ui-design-pass-phase-3-sheet-confirmation-and-token-gate	2	R-COH-TASK-CONTRADICTION	1	blocking	0	-
assistente-pessoal	2026-08-22T22:27:30Z	0	code-review	ui-design-pass-phase-3-sheet-confirmation-and-token-gate	2	R-L1	1	blocking	0	-
assistente-pessoal	2026-08-22T22:27:30Z	0	code-review	ui-design-pass-phase-3-sheet-confirmation-and-token-gate	2	R-L2	1	blocking	0	-
assistente-pessoal	2026-08-22T22:27:30Z	0	code-review	ui-design-pass-phase-3-sheet-confirmation-and-token-gate	2	R-L3	1	blocking	0	-
assistente-pessoal	2026-08-22T22:27:30Z	0	code-review	ui-design-pass-phase-3-sheet-confirmation-and-token-gate	2	R-S1	1	blocking	0	-
assistente-pessoal	2026-08-22T22:27:30Z	0	code-review	ui-design-pass-phase-3-sheet-confirmation-and-token-gate	2	R-S2	1	blocking	0	-
assistente-pessoal	2026-08-22T22:27:30Z	0	code-review	ui-design-pass-phase-3-sheet-confirmation-and-token-gate	2	R-S3	1	blocking	0	-
assistente-pessoal	2026-08-22T22:27:30Z	0	code-review	ui-design-pass-phase-3-sheet-confirmation-and-token-gate	2	R-SEM	1	blocking	0	-
assistente-pessoal	2026-08-22T22:27:30Z	0	code-review	ui-design-pass-phase-3-sheet-confirmation-and-token-gate	2	R-X	1	blocking	0	-
assistente-pessoal	2026-08-22T23:55:28Z	0	code-review	ui-design-pass-phase-4-device-verification-pass	1	R-COH-CALLER-DRIFT	1	blocking	0	-
assistente-pessoal	2026-08-22T23:55:28Z	0	code-review	ui-design-pass-phase-4-device-verification-pass	1	R-COH-CONFIG-DANGLING	1	blocking	0	-
assistente-pessoal	2026-08-22T23:55:28Z	0	code-review	ui-design-pass-phase-4-device-verification-pass	1	R-COH-DEAD-IMPORT	1	blocking	0	-
assistente-pessoal	2026-08-22T23:55:28Z	0	code-review	ui-design-pass-phase-4-device-verification-pass	1	R-COH-REGISTRY-MISSING	1	blocking	0	-
assistente-pessoal	2026-08-22T23:55:28Z	0	code-review	ui-design-pass-phase-4-device-verification-pass	1	R-COH-TASK-CONTRADICTION	1	blocking	0	-
assistente-pessoal	2026-08-22T23:55:28Z	0	code-review	ui-design-pass-phase-4-device-verification-pass	1	R-L1	1	blocking	0	-
assistente-pessoal	2026-08-22T23:55:28Z	0	code-review	ui-design-pass-phase-4-device-verification-pass	1	R-L2	1	blocking	0	-
assistente-pessoal	2026-08-22T23:55:28Z	0	code-review	ui-design-pass-phase-4-device-verification-pass	1	R-L3	1	blocking	0	-
assistente-pessoal	2026-08-22T23:55:28Z	0	code-review	ui-design-pass-phase-4-device-verification-pass	1	R-S1	1	blocking	0	-
assistente-pessoal	2026-08-22T23:55:28Z	0	code-review	ui-design-pass-phase-4-device-verification-pass	1	R-S2	1	blocking	0	-
assistente-pessoal	2026-08-22T23:55:28Z	0	code-review	ui-design-pass-phase-4-device-verification-pass	1	R-S3	1	blocking	0	-
assistente-pessoal	2026-08-22T23:55:28Z	0	code-review	ui-design-pass-phase-4-device-verification-pass	1	R-SEM	1	blocking	0	-
assistente-pessoal	2026-08-22T23:55:28Z	0	code-review	ui-design-pass-phase-4-device-verification-pass	1	R-X	1	blocking	0	-
assistente-pessoal	2026-08-26T00:15:51Z	0	plan-review	google-calendar-read-phase-1-dated-items-one-screen	1	R-COH-ACTION-VALIDATE-CONTRADICTION	1	blocking	0	-
assistente-pessoal	2026-08-26T00:15:51Z	0	plan-review	google-calendar-read-phase-1-dated-items-one-screen	1	R-COH-FILES-UNTOUCHED	1	blocking	0	-
assistente-pessoal	2026-08-26T00:15:51Z	0	plan-review	google-calendar-read-phase-1-dated-items-one-screen	1	R-COH-MANDATORY-READING-MISSING	1	blocking	0	-
assistente-pessoal	2026-08-26T00:15:51Z	0	plan-review	google-calendar-read-phase-1-dated-items-one-screen	1	R-COH-PATTERN-SOURCE-MISSING	1	blocking	0	-
assistente-pessoal	2026-08-26T00:15:51Z	0	plan-review	google-calendar-read-phase-1-dated-items-one-screen	1	R-COH-TASK-AC-MISSING	0	blocking	0	-
assistente-pessoal	2026-08-26T00:15:51Z	0	plan-review	google-calendar-read-phase-1-dated-items-one-screen	1	R-COH-VALIDATE-ALWAYS-PASS	1	blocking	0	-
assistente-pessoal	2026-08-26T00:15:51Z	0	plan-review	google-calendar-read-phase-1-dated-items-one-screen	1	R-COH-VALIDATE-FORBIDDEN-GREP-SCOPE	1	blocking	0	-
assistente-pessoal	2026-08-26T00:15:51Z	0	plan-review	google-calendar-read-phase-1-dated-items-one-screen	1	R-COH-VALIDATE-FRAMEWORK-MISMATCH	1	blocking	0	-
assistente-pessoal	2026-08-26T00:15:51Z	0	plan-review	google-calendar-read-phase-1-dated-items-one-screen	1	R-COH-VALIDATE-PATTERN-UNGROUNDED	1	blocking	0	-
assistente-pessoal	2026-08-26T00:15:51Z	0	plan-review	google-calendar-read-phase-1-dated-items-one-screen	1	R1	1	blocking	0	-
assistente-pessoal	2026-08-26T00:15:51Z	0	plan-review	google-calendar-read-phase-1-dated-items-one-screen	1	R2	1	blocking	0	-
assistente-pessoal	2026-08-26T00:15:51Z	0	plan-review	google-calendar-read-phase-1-dated-items-one-screen	1	R3	1	blocking	0	-
assistente-pessoal	2026-08-26T00:15:51Z	0	plan-review	google-calendar-read-phase-1-dated-items-one-screen	1	R4	1	blocking	0	-
assistente-pessoal	2026-08-26T00:15:51Z	0	plan-review	google-calendar-read-phase-1-dated-items-one-screen	1	R5	1	blocking	0	-
assistente-pessoal	2026-08-26T00:15:51Z	0	plan-review	google-calendar-read-phase-1-dated-items-one-screen	1	R6	1	blocking	0	-
assistente-pessoal	2026-08-26T00:15:51Z	0	plan-review	google-calendar-read-phase-1-dated-items-one-screen	1	R7	1	blocking	0	-
assistente-pessoal	2026-08-26T00:15:51Z	0	plan-review	google-calendar-read-phase-1-dated-items-one-screen	1	R8a	1	blocking	0	-
assistente-pessoal	2026-08-26T00:15:51Z	0	plan-review	google-calendar-read-phase-1-dated-items-one-screen	1	R8b	1	blocking	0	-
assistente-pessoal	2026-08-26T00:15:51Z	0	plan-review	google-calendar-read-phase-1-dated-items-one-screen	1	R8c	1	blocking	0	-
assistente-pessoal	2026-08-26T01:06:37Z	0	plan-review	google-calendar-read-phase-1-dated-items-one-screen	2	R-COH-ACTION-VALIDATE-CONTRADICTION	1	blocking	0	-
assistente-pessoal	2026-08-26T01:06:37Z	0	plan-review	google-calendar-read-phase-1-dated-items-one-screen	2	R-COH-FILES-UNTOUCHED	1	blocking	0	-
assistente-pessoal	2026-08-26T01:06:37Z	0	plan-review	google-calendar-read-phase-1-dated-items-one-screen	2	R-COH-MANDATORY-READING-MISSING	1	blocking	0	-
assistente-pessoal	2026-08-26T01:06:37Z	0	plan-review	google-calendar-read-phase-1-dated-items-one-screen	2	R-COH-PATTERN-SOURCE-MISSING	1	blocking	0	-
assistente-pessoal	2026-08-26T01:06:37Z	0	plan-review	google-calendar-read-phase-1-dated-items-one-screen	2	R-COH-TASK-AC-MISSING	1	blocking	0	-
assistente-pessoal	2026-08-26T01:06:37Z	0	plan-review	google-calendar-read-phase-1-dated-items-one-screen	2	R-COH-VALIDATE-ALWAYS-PASS	1	blocking	0	-
assistente-pessoal	2026-08-26T01:06:37Z	0	plan-review	google-calendar-read-phase-1-dated-items-one-screen	2	R-COH-VALIDATE-FORBIDDEN-GREP-SCOPE	1	blocking	0	-
assistente-pessoal	2026-08-26T01:06:37Z	0	plan-review	google-calendar-read-phase-1-dated-items-one-screen	2	R-COH-VALIDATE-FRAMEWORK-MISMATCH	1	blocking	0	-
assistente-pessoal	2026-08-26T01:06:37Z	0	plan-review	google-calendar-read-phase-1-dated-items-one-screen	2	R-COH-VALIDATE-PATTERN-UNGROUNDED	1	blocking	0	-
assistente-pessoal	2026-08-26T01:06:37Z	0	plan-review	google-calendar-read-phase-1-dated-items-one-screen	2	R1	1	blocking	0	-
assistente-pessoal	2026-08-26T01:06:37Z	0	plan-review	google-calendar-read-phase-1-dated-items-one-screen	2	R2	1	blocking	0	-
assistente-pessoal	2026-08-26T01:06:37Z	0	plan-review	google-calendar-read-phase-1-dated-items-one-screen	2	R3	1	blocking	0	-
assistente-pessoal	2026-08-26T01:06:37Z	0	plan-review	google-calendar-read-phase-1-dated-items-one-screen	2	R4	1	blocking	0	-
assistente-pessoal	2026-08-26T01:06:37Z	0	plan-review	google-calendar-read-phase-1-dated-items-one-screen	2	R5	1	blocking	0	-
assistente-pessoal	2026-08-26T01:06:37Z	0	plan-review	google-calendar-read-phase-1-dated-items-one-screen	2	R6	1	blocking	0	-
assistente-pessoal	2026-08-26T01:06:37Z	0	plan-review	google-calendar-read-phase-1-dated-items-one-screen	2	R7	1	blocking	0	-
assistente-pessoal	2026-08-26T01:06:37Z	0	plan-review	google-calendar-read-phase-1-dated-items-one-screen	2	R8a	1	blocking	0	-
assistente-pessoal	2026-08-26T01:06:37Z	0	plan-review	google-calendar-read-phase-1-dated-items-one-screen	2	R8b	1	blocking	0	-
assistente-pessoal	2026-08-26T01:06:37Z	0	plan-review	google-calendar-read-phase-1-dated-items-one-screen	2	R8c	1	blocking	0	-
assistente-pessoal	2026-08-26T02:10:00Z	0	plan-review	google-calendar-read-phase-2-consent-credential-revocation	1	R-COH-AC-TASK-DECOUPLED	0	blocking	0	-
assistente-pessoal	2026-08-26T02:10:00Z	0	plan-review	google-calendar-read-phase-2-consent-credential-revocation	1	R-COH-AC-TASK-DECOUPLED	0	blocking	0	-
assistente-pessoal	2026-08-26T02:10:00Z	0	plan-review	google-calendar-read-phase-2-consent-credential-revocation	1	R-COH-ACTION-VALIDATE-CONTRADICTION	1	blocking	0	-
assistente-pessoal	2026-08-26T02:10:00Z	0	plan-review	google-calendar-read-phase-2-consent-credential-revocation	1	R-COH-FILES-UNTOUCHED	0	blocking	0	-
assistente-pessoal	2026-08-26T02:10:00Z	0	plan-review	google-calendar-read-phase-2-consent-credential-revocation	1	R-COH-MANDATORY-READING-IRRELEVANT	0	advisory	0	-
assistente-pessoal	2026-08-26T02:10:00Z	0	plan-review	google-calendar-read-phase-2-consent-credential-revocation	1	R-COH-MANDATORY-READING-MISSING	1	advisory	0	-
assistente-pessoal	2026-08-26T02:10:00Z	0	plan-review	google-calendar-read-phase-2-consent-credential-revocation	1	R-COH-OTHER-INTERNAL-CONTRADICTION	0	blocking	1	-
assistente-pessoal	2026-08-26T02:10:00Z	0	plan-review	google-calendar-read-phase-2-consent-credential-revocation	1	R-COH-OTHER-INTERNAL-CONTRADICTION	0	advisory	0	-
assistente-pessoal	2026-08-26T02:10:00Z	0	plan-review	google-calendar-read-phase-2-consent-credential-revocation	1	R-COH-PATTERN-SOURCE-MISSING	1	advisory	0	-
assistente-pessoal	2026-08-26T02:10:00Z	0	plan-review	google-calendar-read-phase-2-consent-credential-revocation	1	R-COH-TASK-AC-MISSING	1	blocking	0	-
assistente-pessoal	2026-08-26T02:10:00Z	0	plan-review	google-calendar-read-phase-2-consent-credential-revocation	1	R-COH-VALIDATE-ALWAYS-PASS	1	blocking	0	-
assistente-pessoal	2026-08-26T02:10:00Z	0	plan-review	google-calendar-read-phase-2-consent-credential-revocation	1	R-COH-VALIDATE-FORBIDDEN-GREP-SCOPE	1	blocking	0	-
assistente-pessoal	2026-08-26T02:10:00Z	0	plan-review	google-calendar-read-phase-2-consent-credential-revocation	1	R-COH-VALIDATE-FRAMEWORK-MISMATCH	1	blocking	0	-
assistente-pessoal	2026-08-26T02:10:00Z	0	plan-review	google-calendar-read-phase-2-consent-credential-revocation	1	R-COH-VALIDATE-PATTERN-UNGROUNDED	1	blocking	0	-
assistente-pessoal	2026-08-26T02:10:00Z	0	plan-review	google-calendar-read-phase-2-consent-credential-revocation	1	R-COH-VALIDATE-SEARCH-AMBIGUOUS	1	blocking	0	-
assistente-pessoal	2026-08-26T02:10:00Z	0	plan-review	google-calendar-read-phase-2-consent-credential-revocation	1	R1	1	blocking	0	-
assistente-pessoal	2026-08-26T02:10:00Z	0	plan-review	google-calendar-read-phase-2-consent-credential-revocation	1	R2	1	blocking	0	-
assistente-pessoal	2026-08-26T02:10:00Z	0	plan-review	google-calendar-read-phase-2-consent-credential-revocation	1	R3	1	blocking	0	-
assistente-pessoal	2026-08-26T02:10:00Z	0	plan-review	google-calendar-read-phase-2-consent-credential-revocation	1	R4	1	blocking	0	-
assistente-pessoal	2026-08-26T02:10:00Z	0	plan-review	google-calendar-read-phase-2-consent-credential-revocation	1	R5	1	blocking	0	-
assistente-pessoal	2026-08-26T02:10:00Z	0	plan-review	google-calendar-read-phase-2-consent-credential-revocation	1	R6	1	blocking	0	-
assistente-pessoal	2026-08-26T02:10:00Z	0	plan-review	google-calendar-read-phase-2-consent-credential-revocation	1	R7	1	blocking	0	-
assistente-pessoal	2026-08-26T02:10:00Z	0	plan-review	google-calendar-read-phase-2-consent-credential-revocation	1	R8	1	blocking	0	-
assistente-pessoal	2026-08-28T16:20:00Z	0	plan-review	google-calendar-read-phase-3-reading-the-calendar	1	R-COH-AC-TASK-DECOUPLED	0	blocking	0	-
assistente-pessoal	2026-08-28T16:20:00Z	0	plan-review	google-calendar-read-phase-3-reading-the-calendar	1	R-COH-ACTION-VALIDATE-CONTRADICTION	1	blocking	0	-
assistente-pessoal	2026-08-28T16:20:00Z	0	plan-review	google-calendar-read-phase-3-reading-the-calendar	1	R-COH-FILES-UNTOUCHED	0	blocking	0	-
assistente-pessoal	2026-08-28T16:20:00Z	0	plan-review	google-calendar-read-phase-3-reading-the-calendar	1	R-COH-MANDATORY-READING-MISSING	1	advisory	0	-
assistente-pessoal	2026-08-28T16:20:00Z	0	plan-review	google-calendar-read-phase-3-reading-the-calendar	1	R-COH-OTHER-INTERNAL-CONTRADICTION	0	blocking	1	-
assistente-pessoal	2026-08-28T16:20:00Z	0	plan-review	google-calendar-read-phase-3-reading-the-calendar	1	R-COH-OTHER-INTERNAL-CONTRADICTION	0	advisory	0	-
assistente-pessoal	2026-08-28T16:20:00Z	0	plan-review	google-calendar-read-phase-3-reading-the-calendar	1	R-COH-PATTERN-SOURCE-MISSING	1	advisory	0	-
assistente-pessoal	2026-08-28T16:20:00Z	0	plan-review	google-calendar-read-phase-3-reading-the-calendar	1	R-COH-TASK-AC-MISSING	1	blocking	0	-
assistente-pessoal	2026-08-28T16:20:00Z	0	plan-review	google-calendar-read-phase-3-reading-the-calendar	1	R-COH-VALIDATE-ALWAYS-PASS	1	blocking	0	-
assistente-pessoal	2026-08-28T16:20:00Z	0	plan-review	google-calendar-read-phase-3-reading-the-calendar	1	R-COH-VALIDATE-FORBIDDEN-GREP-SCOPE	1	blocking	0	-
assistente-pessoal	2026-08-28T16:20:00Z	0	plan-review	google-calendar-read-phase-3-reading-the-calendar	1	R-COH-VALIDATE-FRAMEWORK-MISMATCH	1	blocking	0	-
assistente-pessoal	2026-08-28T16:20:00Z	0	plan-review	google-calendar-read-phase-3-reading-the-calendar	1	R-COH-VALIDATE-PATTERN-UNGROUNDED	1	blocking	0	-
assistente-pessoal	2026-08-28T16:20:00Z	0	plan-review	google-calendar-read-phase-3-reading-the-calendar	1	R-COH-VALIDATE-SEARCH-AMBIGUOUS	1	blocking	0	-
assistente-pessoal	2026-08-28T16:20:00Z	0	plan-review	google-calendar-read-phase-3-reading-the-calendar	1	R1	1	blocking	0	-
assistente-pessoal	2026-08-28T16:20:00Z	0	plan-review	google-calendar-read-phase-3-reading-the-calendar	1	R2	1	blocking	0	-
assistente-pessoal	2026-08-28T16:20:00Z	0	plan-review	google-calendar-read-phase-3-reading-the-calendar	1	R3	1	blocking	0	-
assistente-pessoal	2026-08-28T16:20:00Z	0	plan-review	google-calendar-read-phase-3-reading-the-calendar	1	R4	1	blocking	0	-
assistente-pessoal	2026-08-28T16:20:00Z	0	plan-review	google-calendar-read-phase-3-reading-the-calendar	1	R5	1	blocking	0	-
assistente-pessoal	2026-08-28T16:20:00Z	0	plan-review	google-calendar-read-phase-3-reading-the-calendar	1	R6	1	blocking	0	-
assistente-pessoal	2026-08-28T16:20:00Z	0	plan-review	google-calendar-read-phase-3-reading-the-calendar	1	R7	1	blocking	0	-
assistente-pessoal	2026-08-28T16:20:00Z	0	plan-review	google-calendar-read-phase-3-reading-the-calendar	1	R8	1	blocking	0	-
assistente-pessoal	2026-08-28T16:55:00Z	0	plan-review	google-calendar-read-phase-3-reading-the-calendar	2	R-COH-AC-TASK-DECOUPLED	1	blocking	0	-
assistente-pessoal	2026-08-28T16:55:00Z	0	plan-review	google-calendar-read-phase-3-reading-the-calendar	2	R-COH-ACTION-VALIDATE-CONTRADICTION	1	blocking	0	-
assistente-pessoal	2026-08-28T16:55:00Z	0	plan-review	google-calendar-read-phase-3-reading-the-calendar	2	R-COH-FILES-UNTOUCHED	1	blocking	0	-
assistente-pessoal	2026-08-28T16:55:00Z	0	plan-review	google-calendar-read-phase-3-reading-the-calendar	2	R-COH-MANDATORY-READING-MISSING	1	advisory	0	-
assistente-pessoal	2026-08-28T16:55:00Z	0	plan-review	google-calendar-read-phase-3-reading-the-calendar	2	R-COH-OTHER-INTERNAL-CONTRADICTION	0	advisory	0	-
assistente-pessoal	2026-08-28T16:55:00Z	0	plan-review	google-calendar-read-phase-3-reading-the-calendar	2	R-COH-PATTERN-SOURCE-MISSING	1	advisory	0	-
assistente-pessoal	2026-08-28T16:55:00Z	0	plan-review	google-calendar-read-phase-3-reading-the-calendar	2	R-COH-TASK-AC-MISSING	1	blocking	0	-
assistente-pessoal	2026-08-28T16:55:00Z	0	plan-review	google-calendar-read-phase-3-reading-the-calendar	2	R-COH-VALIDATE-ALWAYS-PASS	1	blocking	0	-
assistente-pessoal	2026-08-28T16:55:00Z	0	plan-review	google-calendar-read-phase-3-reading-the-calendar	2	R-COH-VALIDATE-FORBIDDEN-GREP-SCOPE	1	blocking	0	-
assistente-pessoal	2026-08-28T16:55:00Z	0	plan-review	google-calendar-read-phase-3-reading-the-calendar	2	R-COH-VALIDATE-FRAMEWORK-MISMATCH	1	blocking	0	-
assistente-pessoal	2026-08-28T16:55:00Z	0	plan-review	google-calendar-read-phase-3-reading-the-calendar	2	R-COH-VALIDATE-PATTERN-UNGROUNDED	1	blocking	0	-
assistente-pessoal	2026-08-28T16:55:00Z	0	plan-review	google-calendar-read-phase-3-reading-the-calendar	2	R-COH-VALIDATE-SEARCH-AMBIGUOUS	1	blocking	0	-
assistente-pessoal	2026-08-28T16:55:00Z	0	plan-review	google-calendar-read-phase-3-reading-the-calendar	2	R1	1	blocking	0	-
assistente-pessoal	2026-08-28T16:55:00Z	0	plan-review	google-calendar-read-phase-3-reading-the-calendar	2	R2	1	blocking	0	-
assistente-pessoal	2026-08-28T16:55:00Z	0	plan-review	google-calendar-read-phase-3-reading-the-calendar	2	R3	1	blocking	0	-
assistente-pessoal	2026-08-28T16:55:00Z	0	plan-review	google-calendar-read-phase-3-reading-the-calendar	2	R4	1	blocking	0	-
assistente-pessoal	2026-08-28T16:55:00Z	0	plan-review	google-calendar-read-phase-3-reading-the-calendar	2	R5	1	blocking	0	-
assistente-pessoal	2026-08-28T16:55:00Z	0	plan-review	google-calendar-read-phase-3-reading-the-calendar	2	R6	1	blocking	0	-
assistente-pessoal	2026-08-28T16:55:00Z	0	plan-review	google-calendar-read-phase-3-reading-the-calendar	2	R7	1	blocking	0	-
assistente-pessoal	2026-08-28T16:55:00Z	0	plan-review	google-calendar-read-phase-3-reading-the-calendar	2	R8	1	blocking	0	-
assistente-pessoal	2026-08-29T12:00:00Z	0	plan-review	google-calendar-read-phase-4-the-day-whole	1	R-COH-ACTION-VALIDATE-CONTRADICTION	1	blocking	0	-
assistente-pessoal	2026-08-29T12:00:00Z	0	plan-review	google-calendar-read-phase-4-the-day-whole	1	R-COH-FILES-UNTOUCHED	1	blocking	0	-
assistente-pessoal	2026-08-29T12:00:00Z	0	plan-review	google-calendar-read-phase-4-the-day-whole	1	R-COH-MANDATORY-READING-MISSING	1	advisory	0	-
assistente-pessoal	2026-08-29T12:00:00Z	0	plan-review	google-calendar-read-phase-4-the-day-whole	1	R-COH-OTHER-INTERNAL-CONTRADICTION	0	advisory	0	-
assistente-pessoal	2026-08-29T12:00:00Z	0	plan-review	google-calendar-read-phase-4-the-day-whole	1	R-COH-OTHER-INTERNAL-CONTRADICTION	0	advisory	0	-
assistente-pessoal	2026-08-29T12:00:00Z	0	plan-review	google-calendar-read-phase-4-the-day-whole	1	R-COH-OTHER-INTERNAL-CONTRADICTION	0	advisory	0	-
assistente-pessoal	2026-08-29T12:00:00Z	0	plan-review	google-calendar-read-phase-4-the-day-whole	1	R-COH-PATTERN-SOURCE-MISSING	0	advisory	0	-
assistente-pessoal	2026-08-29T12:00:00Z	0	plan-review	google-calendar-read-phase-4-the-day-whole	1	R-COH-TASK-AC-MISSING	1	blocking	0	-
assistente-pessoal	2026-08-29T12:00:00Z	0	plan-review	google-calendar-read-phase-4-the-day-whole	1	R-COH-VALIDATE-ALWAYS-PASS	1	blocking	0	-
assistente-pessoal	2026-08-29T12:00:00Z	0	plan-review	google-calendar-read-phase-4-the-day-whole	1	R-COH-VALIDATE-FORBIDDEN-GREP-SCOPE	1	blocking	0	-
assistente-pessoal	2026-08-29T12:00:00Z	0	plan-review	google-calendar-read-phase-4-the-day-whole	1	R-COH-VALIDATE-FRAMEWORK-MISMATCH	1	blocking	0	-
assistente-pessoal	2026-08-29T12:00:00Z	0	plan-review	google-calendar-read-phase-4-the-day-whole	1	R-COH-VALIDATE-PATTERN-UNGROUNDED	1	blocking	0	-
assistente-pessoal	2026-08-29T12:00:00Z	0	plan-review	google-calendar-read-phase-4-the-day-whole	1	R-COH-VALIDATE-SEARCH-AMBIGUOUS	1	blocking	0	-
assistente-pessoal	2026-08-29T12:00:00Z	0	plan-review	google-calendar-read-phase-4-the-day-whole	1	R1	1	blocking	0	-
assistente-pessoal	2026-08-29T12:00:00Z	0	plan-review	google-calendar-read-phase-4-the-day-whole	1	R2	1	blocking	0	-
assistente-pessoal	2026-08-29T12:00:00Z	0	plan-review	google-calendar-read-phase-4-the-day-whole	1	R3	1	blocking	0	-
assistente-pessoal	2026-08-29T12:00:00Z	0	plan-review	google-calendar-read-phase-4-the-day-whole	1	R4	1	blocking	0	-
assistente-pessoal	2026-08-29T12:00:00Z	0	plan-review	google-calendar-read-phase-4-the-day-whole	1	R5	1	blocking	0	-
assistente-pessoal	2026-08-29T12:00:00Z	0	plan-review	google-calendar-read-phase-4-the-day-whole	1	R6	1	blocking	0	-
assistente-pessoal	2026-08-29T12:00:00Z	0	plan-review	google-calendar-read-phase-4-the-day-whole	1	R7	1	blocking	0	-
assistente-pessoal	2026-08-29T12:00:00Z	0	plan-review	google-calendar-read-phase-4-the-day-whole	1	R8	1	blocking	0	-
assistente-pessoal	2026-08-30T15:48:40Z	0	plan-review	google-calendar-read-phase-5-consent-made-visible	1	R-COH-AC-TASK-DECOUPLED	0	blocking	0	-
assistente-pessoal	2026-08-30T15:48:40Z	0	plan-review	google-calendar-read-phase-5-consent-made-visible	1	R-COH-ACTION-VALIDATE-CONTRADICTION	1	blocking	0	-
assistente-pessoal	2026-08-30T15:48:40Z	0	plan-review	google-calendar-read-phase-5-consent-made-visible	1	R-COH-FILES-UNTOUCHED	1	blocking	0	-
assistente-pessoal	2026-08-30T15:48:40Z	0	plan-review	google-calendar-read-phase-5-consent-made-visible	1	R-COH-MANDATORY-READING-MISSING	1	advisory	0	-
assistente-pessoal	2026-08-30T15:48:40Z	0	plan-review	google-calendar-read-phase-5-consent-made-visible	1	R-COH-OTHER-INTERNAL-CONTRADICTION	0	advisory	0	-
assistente-pessoal	2026-08-30T15:48:40Z	0	plan-review	google-calendar-read-phase-5-consent-made-visible	1	R-COH-PATTERN-SOURCE-MISSING	1	advisory	0	-
assistente-pessoal	2026-08-30T15:48:40Z	0	plan-review	google-calendar-read-phase-5-consent-made-visible	1	R-COH-SUMMARY-TASKS-DRIFT	0	advisory	0	-
assistente-pessoal	2026-08-30T15:48:40Z	0	plan-review	google-calendar-read-phase-5-consent-made-visible	1	R-COH-TASK-AC-MISSING	1	blocking	0	-
assistente-pessoal	2026-08-30T15:48:40Z	0	plan-review	google-calendar-read-phase-5-consent-made-visible	1	R-COH-VALIDATE-ALWAYS-PASS	1	blocking	0	-
assistente-pessoal	2026-08-30T15:48:40Z	0	plan-review	google-calendar-read-phase-5-consent-made-visible	1	R-COH-VALIDATE-FORBIDDEN-GREP-SCOPE	1	blocking	0	-
assistente-pessoal	2026-08-30T15:48:40Z	0	plan-review	google-calendar-read-phase-5-consent-made-visible	1	R-COH-VALIDATE-FRAMEWORK-MISMATCH	1	blocking	0	-
assistente-pessoal	2026-08-30T15:48:40Z	0	plan-review	google-calendar-read-phase-5-consent-made-visible	1	R-COH-VALIDATE-PATTERN-UNGROUNDED	1	blocking	0	-
assistente-pessoal	2026-08-30T15:48:40Z	0	plan-review	google-calendar-read-phase-5-consent-made-visible	1	R-COH-VALIDATE-SEARCH-AMBIGUOUS	1	blocking	0	-
assistente-pessoal	2026-08-30T15:48:40Z	0	plan-review	google-calendar-read-phase-5-consent-made-visible	1	R1	1	blocking	0	-
assistente-pessoal	2026-08-30T15:48:40Z	0	plan-review	google-calendar-read-phase-5-consent-made-visible	1	R2	1	blocking	0	-
assistente-pessoal	2026-08-30T15:48:40Z	0	plan-review	google-calendar-read-phase-5-consent-made-visible	1	R3	1	blocking	0	-
assistente-pessoal	2026-08-30T15:48:40Z	0	plan-review	google-calendar-read-phase-5-consent-made-visible	1	R4	1	blocking	0	-
assistente-pessoal	2026-08-30T15:48:40Z	0	plan-review	google-calendar-read-phase-5-consent-made-visible	1	R5	1	blocking	0	-
assistente-pessoal	2026-08-30T15:48:40Z	0	plan-review	google-calendar-read-phase-5-consent-made-visible	1	R6	1	blocking	0	-
assistente-pessoal	2026-08-30T15:48:40Z	0	plan-review	google-calendar-read-phase-5-consent-made-visible	1	R7	1	blocking	0	-
assistente-pessoal	2026-08-30T15:48:40Z	0	plan-review	google-calendar-read-phase-5-consent-made-visible	1	R8	1	blocking	0	-
assistente-pessoal	2026-08-30T16:04:43Z	0	plan-review	google-calendar-read-phase-5-consent-made-visible	2	R-COH-ACTION-VALIDATE-CONTRADICTION	1	blocking	0	-
assistente-pessoal	2026-08-30T16:04:43Z	0	plan-review	google-calendar-read-phase-5-consent-made-visible	2	R-COH-FILES-UNTOUCHED	1	blocking	0	-
assistente-pessoal	2026-08-30T16:04:43Z	0	plan-review	google-calendar-read-phase-5-consent-made-visible	2	R-COH-MANDATORY-READING-MISSING	1	advisory	0	-
assistente-pessoal	2026-08-30T16:04:43Z	0	plan-review	google-calendar-read-phase-5-consent-made-visible	2	R-COH-OTHER-INTERNAL-CONTRADICTION	0	advisory	0	-
assistente-pessoal	2026-08-30T16:04:43Z	0	plan-review	google-calendar-read-phase-5-consent-made-visible	2	R-COH-PATTERN-SOURCE-MISSING	1	advisory	0	-
assistente-pessoal	2026-08-30T16:04:43Z	0	plan-review	google-calendar-read-phase-5-consent-made-visible	2	R-COH-TASK-AC-MISSING	1	blocking	0	-
assistente-pessoal	2026-08-30T16:04:43Z	0	plan-review	google-calendar-read-phase-5-consent-made-visible	2	R-COH-VALIDATE-ALWAYS-PASS	1	blocking	0	-
assistente-pessoal	2026-08-30T16:04:43Z	0	plan-review	google-calendar-read-phase-5-consent-made-visible	2	R-COH-VALIDATE-FORBIDDEN-GREP-SCOPE	1	blocking	0	-
assistente-pessoal	2026-08-30T16:04:43Z	0	plan-review	google-calendar-read-phase-5-consent-made-visible	2	R-COH-VALIDATE-FRAMEWORK-MISMATCH	1	blocking	0	-
assistente-pessoal	2026-08-30T16:04:43Z	0	plan-review	google-calendar-read-phase-5-consent-made-visible	2	R-COH-VALIDATE-PATTERN-UNGROUNDED	1	blocking	0	-
assistente-pessoal	2026-08-30T16:04:43Z	0	plan-review	google-calendar-read-phase-5-consent-made-visible	2	R-COH-VALIDATE-SEARCH-AMBIGUOUS	1	blocking	0	-
assistente-pessoal	2026-08-30T16:04:43Z	0	plan-review	google-calendar-read-phase-5-consent-made-visible	2	R1	1	blocking	0	-
assistente-pessoal	2026-08-30T16:04:43Z	0	plan-review	google-calendar-read-phase-5-consent-made-visible	2	R2	1	blocking	0	-
assistente-pessoal	2026-08-30T16:04:43Z	0	plan-review	google-calendar-read-phase-5-consent-made-visible	2	R3	1	blocking	0	-
assistente-pessoal	2026-08-30T16:04:43Z	0	plan-review	google-calendar-read-phase-5-consent-made-visible	2	R4	1	blocking	0	-
assistente-pessoal	2026-08-30T16:04:43Z	0	plan-review	google-calendar-read-phase-5-consent-made-visible	2	R5	1	blocking	0	-
assistente-pessoal	2026-08-30T16:04:43Z	0	plan-review	google-calendar-read-phase-5-consent-made-visible	2	R6	1	blocking	0	-
assistente-pessoal	2026-08-30T16:04:43Z	0	plan-review	google-calendar-read-phase-5-consent-made-visible	2	R7	1	blocking	0	-
assistente-pessoal	2026-08-30T16:04:43Z	0	plan-review	google-calendar-read-phase-5-consent-made-visible	2	R8	1	blocking	0	-
assistente-pessoal	2026-08-30T16:25:37Z	0	plan-review	google-calendar-read-phase-5-consent-made-visible	3	R-COH-ACTION-VALIDATE-CONTRADICTION	1	blocking	0	-
assistente-pessoal	2026-08-30T16:25:37Z	0	plan-review	google-calendar-read-phase-5-consent-made-visible	3	R-COH-FILES-UNTOUCHED	1	blocking	0	-
assistente-pessoal	2026-08-30T16:25:37Z	0	plan-review	google-calendar-read-phase-5-consent-made-visible	3	R-COH-MANDATORY-READING-MISSING	1	advisory	0	-
assistente-pessoal	2026-08-30T16:25:37Z	0	plan-review	google-calendar-read-phase-5-consent-made-visible	3	R-COH-OTHER-INTERNAL-CONTRADICTION	0	advisory	0	-
assistente-pessoal	2026-08-30T16:25:37Z	0	plan-review	google-calendar-read-phase-5-consent-made-visible	3	R-COH-OTHER-INTERNAL-CONTRADICTION	0	advisory	0	-
assistente-pessoal	2026-08-30T16:25:37Z	0	plan-review	google-calendar-read-phase-5-consent-made-visible	3	R-COH-OTHER-INTERNAL-CONTRADICTION	0	advisory	0	-
assistente-pessoal	2026-08-30T16:25:37Z	0	plan-review	google-calendar-read-phase-5-consent-made-visible	3	R-COH-PATTERN-SOURCE-MISSING	1	advisory	0	-
assistente-pessoal	2026-08-30T16:25:37Z	0	plan-review	google-calendar-read-phase-5-consent-made-visible	3	R-COH-TASK-AC-MISSING	1	blocking	0	-
assistente-pessoal	2026-08-30T16:25:37Z	0	plan-review	google-calendar-read-phase-5-consent-made-visible	3	R-COH-VALIDATE-ALWAYS-PASS	1	blocking	0	-
assistente-pessoal	2026-08-30T16:25:37Z	0	plan-review	google-calendar-read-phase-5-consent-made-visible	3	R-COH-VALIDATE-FORBIDDEN-GREP-SCOPE	1	blocking	0	-
assistente-pessoal	2026-08-30T16:25:37Z	0	plan-review	google-calendar-read-phase-5-consent-made-visible	3	R-COH-VALIDATE-FRAMEWORK-MISMATCH	1	blocking	0	-
assistente-pessoal	2026-08-30T16:25:37Z	0	plan-review	google-calendar-read-phase-5-consent-made-visible	3	R-COH-VALIDATE-PATTERN-UNGROUNDED	1	blocking	0	-
assistente-pessoal	2026-08-30T16:25:37Z	0	plan-review	google-calendar-read-phase-5-consent-made-visible	3	R-COH-VALIDATE-SEARCH-AMBIGUOUS	1	blocking	0	-
assistente-pessoal	2026-08-30T16:25:37Z	0	plan-review	google-calendar-read-phase-5-consent-made-visible	3	R1	1	blocking	0	-
assistente-pessoal	2026-08-30T16:25:37Z	0	plan-review	google-calendar-read-phase-5-consent-made-visible	3	R2	1	blocking	0	-
assistente-pessoal	2026-08-30T16:25:37Z	0	plan-review	google-calendar-read-phase-5-consent-made-visible	3	R3	1	blocking	0	-
assistente-pessoal	2026-08-30T16:25:37Z	0	plan-review	google-calendar-read-phase-5-consent-made-visible	3	R4	1	blocking	0	-
assistente-pessoal	2026-08-30T16:25:37Z	0	plan-review	google-calendar-read-phase-5-consent-made-visible	3	R5	1	blocking	0	-
assistente-pessoal	2026-08-30T16:25:37Z	0	plan-review	google-calendar-read-phase-5-consent-made-visible	3	R6	1	blocking	0	-
assistente-pessoal	2026-08-30T16:25:37Z	0	plan-review	google-calendar-read-phase-5-consent-made-visible	3	R7	1	blocking	0	-
assistente-pessoal	2026-08-30T16:25:37Z	0	plan-review	google-calendar-read-phase-5-consent-made-visible	3	R8	1	blocking	0	-
assistente-pessoal	2026-08-30T16:40:14Z	0	plan-review	google-calendar-read-phase-5-consent-made-visible	4	R-COH-ACTION-VALIDATE-CONTRADICTION	1	blocking	0	-
assistente-pessoal	2026-08-30T16:40:14Z	0	plan-review	google-calendar-read-phase-5-consent-made-visible	4	R-COH-FILES-UNTOUCHED	1	blocking	0	-
assistente-pessoal	2026-08-30T16:40:14Z	0	plan-review	google-calendar-read-phase-5-consent-made-visible	4	R-COH-MANDATORY-READING-MISSING	1	advisory	0	-
assistente-pessoal	2026-08-30T16:40:14Z	0	plan-review	google-calendar-read-phase-5-consent-made-visible	4	R-COH-PATTERN-SOURCE-MISSING	1	advisory	0	-
assistente-pessoal	2026-08-30T16:40:14Z	0	plan-review	google-calendar-read-phase-5-consent-made-visible	4	R-COH-TASK-AC-MISSING	1	blocking	0	-
assistente-pessoal	2026-08-30T16:40:14Z	0	plan-review	google-calendar-read-phase-5-consent-made-visible	4	R-COH-VALIDATE-ALWAYS-PASS	1	blocking	0	-
assistente-pessoal	2026-08-30T16:40:14Z	0	plan-review	google-calendar-read-phase-5-consent-made-visible	4	R-COH-VALIDATE-FORBIDDEN-GREP-SCOPE	1	blocking	0	-
assistente-pessoal	2026-08-30T16:40:14Z	0	plan-review	google-calendar-read-phase-5-consent-made-visible	4	R-COH-VALIDATE-FRAMEWORK-MISMATCH	1	blocking	0	-
assistente-pessoal	2026-08-30T16:40:14Z	0	plan-review	google-calendar-read-phase-5-consent-made-visible	4	R-COH-VALIDATE-PATTERN-UNGROUNDED	1	blocking	0	-
assistente-pessoal	2026-08-30T16:40:14Z	0	plan-review	google-calendar-read-phase-5-consent-made-visible	4	R-COH-VALIDATE-SEARCH-AMBIGUOUS	1	blocking	0	-
assistente-pessoal	2026-08-30T16:40:14Z	0	plan-review	google-calendar-read-phase-5-consent-made-visible	4	R1	1	blocking	0	-
assistente-pessoal	2026-08-30T16:40:14Z	0	plan-review	google-calendar-read-phase-5-consent-made-visible	4	R2	1	blocking	0	-
assistente-pessoal	2026-08-30T16:40:14Z	0	plan-review	google-calendar-read-phase-5-consent-made-visible	4	R3	1	blocking	0	-
assistente-pessoal	2026-08-30T16:40:14Z	0	plan-review	google-calendar-read-phase-5-consent-made-visible	4	R4	1	blocking	0	-
assistente-pessoal	2026-08-30T16:40:14Z	0	plan-review	google-calendar-read-phase-5-consent-made-visible	4	R5	1	blocking	0	-
assistente-pessoal	2026-08-30T16:40:14Z	0	plan-review	google-calendar-read-phase-5-consent-made-visible	4	R6	1	blocking	0	-
assistente-pessoal	2026-08-30T16:40:14Z	0	plan-review	google-calendar-read-phase-5-consent-made-visible	4	R7	1	blocking	0	-
assistente-pessoal	2026-08-30T16:40:14Z	0	plan-review	google-calendar-read-phase-5-consent-made-visible	4	R8	1	blocking	0	-
assistente-pessoal	2026-08-05T02:41:00Z	0	plan-review	install-and-quick-capture-phase-1-share-target	1	R-COH-ACTION-VALIDATE-CONTRADICTION	1	blocking	0	-
assistente-pessoal	2026-08-05T02:41:00Z	0	plan-review	install-and-quick-capture-phase-1-share-target	1	R-COH-FILES-UNTOUCHED	1	blocking	0	-
assistente-pessoal	2026-08-05T02:41:00Z	0	plan-review	install-and-quick-capture-phase-1-share-target	1	R-COH-MANDATORY-READING-MISSING	1	blocking	0	-
assistente-pessoal	2026-08-05T02:41:00Z	0	plan-review	install-and-quick-capture-phase-1-share-target	1	R-COH-PATTERN-SOURCE-MISSING	1	blocking	0	-
assistente-pessoal	2026-08-05T02:41:00Z	0	plan-review	install-and-quick-capture-phase-1-share-target	1	R-COH-TASK-AC-MISSING	0	blocking	0	-
assistente-pessoal	2026-08-05T02:41:00Z	0	plan-review	install-and-quick-capture-phase-1-share-target	1	R-COH-VALIDATE-ALWAYS-PASS	1	blocking	0	-
assistente-pessoal	2026-08-05T02:41:00Z	0	plan-review	install-and-quick-capture-phase-1-share-target	1	R-COH-VALIDATE-FORBIDDEN-GREP-SCOPE	1	blocking	0	-
assistente-pessoal	2026-08-05T02:41:00Z	0	plan-review	install-and-quick-capture-phase-1-share-target	1	R-COH-VALIDATE-FRAMEWORK-MISMATCH	1	blocking	0	-
assistente-pessoal	2026-08-05T02:41:00Z	0	plan-review	install-and-quick-capture-phase-1-share-target	1	R-COH-VALIDATE-SEARCH-AMBIGUOUS	1	blocking	0	-
assistente-pessoal	2026-08-05T02:41:00Z	0	plan-review	install-and-quick-capture-phase-1-share-target	1	R1	1	blocking	0	-
assistente-pessoal	2026-08-05T02:41:00Z	0	plan-review	install-and-quick-capture-phase-1-share-target	1	R2	1	blocking	0	-
assistente-pessoal	2026-08-05T02:41:00Z	0	plan-review	install-and-quick-capture-phase-1-share-target	1	R3	1	blocking	0	-
assistente-pessoal	2026-08-05T02:41:00Z	0	plan-review	install-and-quick-capture-phase-1-share-target	1	R4	1	blocking	0	-
assistente-pessoal	2026-08-05T02:41:00Z	0	plan-review	install-and-quick-capture-phase-1-share-target	1	R5	1	blocking	0	-
assistente-pessoal	2026-08-05T02:41:00Z	0	plan-review	install-and-quick-capture-phase-1-share-target	1	R6	1	blocking	0	-
assistente-pessoal	2026-08-05T02:41:00Z	0	plan-review	install-and-quick-capture-phase-1-share-target	1	R7	1	blocking	0	-
assistente-pessoal	2026-08-05T02:41:00Z	0	plan-review	install-and-quick-capture-phase-1-share-target	1	R8	1	blocking	0	-
assistente-pessoal	2026-08-05T02:52:00Z	0	plan-review	install-and-quick-capture-phase-1-share-target	2	R-COH-ACTION-VALIDATE-CONTRADICTION	1	blocking	0	-
assistente-pessoal	2026-08-05T02:52:00Z	0	plan-review	install-and-quick-capture-phase-1-share-target	2	R-COH-FILES-UNTOUCHED	1	blocking	0	-
assistente-pessoal	2026-08-05T02:52:00Z	0	plan-review	install-and-quick-capture-phase-1-share-target	2	R-COH-MANDATORY-READING-MISSING	1	blocking	0	-
assistente-pessoal	2026-08-05T02:52:00Z	0	plan-review	install-and-quick-capture-phase-1-share-target	2	R-COH-PATTERN-SOURCE-MISSING	1	blocking	0	-
assistente-pessoal	2026-08-05T02:52:00Z	0	plan-review	install-and-quick-capture-phase-1-share-target	2	R-COH-TASK-AC-MISSING	1	blocking	0	-
assistente-pessoal	2026-08-05T02:52:00Z	0	plan-review	install-and-quick-capture-phase-1-share-target	2	R-COH-VALIDATE-ALWAYS-PASS	1	blocking	0	-
assistente-pessoal	2026-08-05T02:52:00Z	0	plan-review	install-and-quick-capture-phase-1-share-target	2	R-COH-VALIDATE-FORBIDDEN-GREP-SCOPE	1	blocking	0	-
assistente-pessoal	2026-08-05T02:52:00Z	0	plan-review	install-and-quick-capture-phase-1-share-target	2	R-COH-VALIDATE-FRAMEWORK-MISMATCH	1	blocking	0	-
assistente-pessoal	2026-08-05T02:52:00Z	0	plan-review	install-and-quick-capture-phase-1-share-target	2	R-COH-VALIDATE-SEARCH-AMBIGUOUS	1	blocking	0	-
assistente-pessoal	2026-08-05T02:52:00Z	0	plan-review	install-and-quick-capture-phase-1-share-target	2	R1	1	blocking	0	-
assistente-pessoal	2026-08-05T02:52:00Z	0	plan-review	install-and-quick-capture-phase-1-share-target	2	R2	1	blocking	0	-
assistente-pessoal	2026-08-05T02:52:00Z	0	plan-review	install-and-quick-capture-phase-1-share-target	2	R3	1	blocking	0	-
assistente-pessoal	2026-08-05T02:52:00Z	0	plan-review	install-and-quick-capture-phase-1-share-target	2	R4	1	blocking	0	-
assistente-pessoal	2026-08-05T02:52:00Z	0	plan-review	install-and-quick-capture-phase-1-share-target	2	R5	1	blocking	0	-
assistente-pessoal	2026-08-05T02:52:00Z	0	plan-review	install-and-quick-capture-phase-1-share-target	2	R6	1	blocking	0	-
assistente-pessoal	2026-08-05T02:52:00Z	0	plan-review	install-and-quick-capture-phase-1-share-target	2	R7	1	blocking	0	-
assistente-pessoal	2026-08-05T02:52:00Z	0	plan-review	install-and-quick-capture-phase-1-share-target	2	R8	1	blocking	0	-
assistente-pessoal	2026-08-11T14:07:34Z	0	plan-review	install-and-quick-capture-phase-2-durable-token	1	R-COH-ACTION-VALIDATE-CONTRADICTION	1	blocking	0	-
assistente-pessoal	2026-08-11T14:07:34Z	0	plan-review	install-and-quick-capture-phase-2-durable-token	1	R-COH-FILES-UNTOUCHED	1	blocking	0	-
assistente-pessoal	2026-08-11T14:07:34Z	0	plan-review	install-and-quick-capture-phase-2-durable-token	1	R-COH-MANDATORY-READING-MISSING	1	advisory	0	-
assistente-pessoal	2026-08-11T14:07:34Z	0	plan-review	install-and-quick-capture-phase-2-durable-token	1	R-COH-PATTERN-SOURCE-MISSING	1	advisory	0	-
assistente-pessoal	2026-08-11T14:07:34Z	0	plan-review	install-and-quick-capture-phase-2-durable-token	1	R-COH-TASK-AC-MISSING	1	blocking	0	-
assistente-pessoal	2026-08-11T14:07:34Z	0	plan-review	install-and-quick-capture-phase-2-durable-token	1	R-COH-VALIDATE-ALWAYS-PASS	1	blocking	0	-
assistente-pessoal	2026-08-11T14:07:34Z	0	plan-review	install-and-quick-capture-phase-2-durable-token	1	R-COH-VALIDATE-FORBIDDEN-GREP-SCOPE	1	blocking	0	-
assistente-pessoal	2026-08-11T14:07:34Z	0	plan-review	install-and-quick-capture-phase-2-durable-token	1	R-COH-VALIDATE-FRAMEWORK-MISMATCH	1	blocking	0	-
assistente-pessoal	2026-08-11T14:07:34Z	0	plan-review	install-and-quick-capture-phase-2-durable-token	1	R-COH-VALIDATE-PATTERN-UNGROUNDED	1	blocking	0	-
assistente-pessoal	2026-08-11T14:07:34Z	0	plan-review	install-and-quick-capture-phase-2-durable-token	1	R-COH-VALIDATE-SEARCH-AMBIGUOUS	1	blocking	0	-
assistente-pessoal	2026-08-11T14:07:34Z	0	plan-review	install-and-quick-capture-phase-2-durable-token	1	R1	1	blocking	0	-
assistente-pessoal	2026-08-11T14:07:34Z	0	plan-review	install-and-quick-capture-phase-2-durable-token	1	R2	1	blocking	0	-
assistente-pessoal	2026-08-11T14:07:34Z	0	plan-review	install-and-quick-capture-phase-2-durable-token	1	R3	1	blocking	0	-
assistente-pessoal	2026-08-11T14:07:34Z	0	plan-review	install-and-quick-capture-phase-2-durable-token	1	R4	1	blocking	0	-
assistente-pessoal	2026-08-11T14:07:34Z	0	plan-review	install-and-quick-capture-phase-2-durable-token	1	R5	1	blocking	0	-
assistente-pessoal	2026-08-11T14:07:34Z	0	plan-review	install-and-quick-capture-phase-2-durable-token	1	R6	1	blocking	0	-
assistente-pessoal	2026-08-11T14:07:34Z	0	plan-review	install-and-quick-capture-phase-2-durable-token	1	R7	1	blocking	0	-
assistente-pessoal	2026-08-11T14:07:34Z	0	plan-review	install-and-quick-capture-phase-2-durable-token	1	R8	1	blocking	0	-
assistente-pessoal	2026-08-05T03:55:00Z	0	plan-review	install-and-quick-capture-phase-3-shortcut-and-focused-capture	1	R-COH-ACTION-VALIDATE-CONTRADICTION	1	blocking	0	-
assistente-pessoal	2026-08-05T03:55:00Z	0	plan-review	install-and-quick-capture-phase-3-shortcut-and-focused-capture	1	R-COH-FILES-UNTOUCHED	1	blocking	0	-
assistente-pessoal	2026-08-05T03:55:00Z	0	plan-review	install-and-quick-capture-phase-3-shortcut-and-focused-capture	1	R-COH-MANDATORY-READING-MISSING	1	blocking	0	-
assistente-pessoal	2026-08-05T03:55:00Z	0	plan-review	install-and-quick-capture-phase-3-shortcut-and-focused-capture	1	R-COH-PATTERN-SOURCE-MISSING	1	blocking	0	-
assistente-pessoal	2026-08-05T03:55:00Z	0	plan-review	install-and-quick-capture-phase-3-shortcut-and-focused-capture	1	R-COH-TASK-AC-MISSING	1	blocking	0	-
assistente-pessoal	2026-08-05T03:55:00Z	0	plan-review	install-and-quick-capture-phase-3-shortcut-and-focused-capture	1	R-COH-VALIDATE-ALWAYS-PASS	1	blocking	0	-
assistente-pessoal	2026-08-05T03:55:00Z	0	plan-review	install-and-quick-capture-phase-3-shortcut-and-focused-capture	1	R-COH-VALIDATE-FORBIDDEN-GREP-SCOPE	1	blocking	0	-
assistente-pessoal	2026-08-05T03:55:00Z	0	plan-review	install-and-quick-capture-phase-3-shortcut-and-focused-capture	1	R-COH-VALIDATE-FRAMEWORK-MISMATCH	1	blocking	0	-
assistente-pessoal	2026-08-05T03:55:00Z	0	plan-review	install-and-quick-capture-phase-3-shortcut-and-focused-capture	1	R-COH-VALIDATE-SEARCH-AMBIGUOUS	1	blocking	0	-
assistente-pessoal	2026-08-05T03:55:00Z	0	plan-review	install-and-quick-capture-phase-3-shortcut-and-focused-capture	1	R1	1	blocking	0	-
assistente-pessoal	2026-08-05T03:55:00Z	0	plan-review	install-and-quick-capture-phase-3-shortcut-and-focused-capture	1	R2	1	blocking	0	-
assistente-pessoal	2026-08-05T03:55:00Z	0	plan-review	install-and-quick-capture-phase-3-shortcut-and-focused-capture	1	R3	1	blocking	0	-
assistente-pessoal	2026-08-05T03:55:00Z	0	plan-review	install-and-quick-capture-phase-3-shortcut-and-focused-capture	1	R4	1	blocking	0	-
assistente-pessoal	2026-08-05T03:55:00Z	0	plan-review	install-and-quick-capture-phase-3-shortcut-and-focused-capture	1	R5	1	blocking	0	-
assistente-pessoal	2026-08-05T03:55:00Z	0	plan-review	install-and-quick-capture-phase-3-shortcut-and-focused-capture	1	R6	1	blocking	0	-
assistente-pessoal	2026-08-05T03:55:00Z	0	plan-review	install-and-quick-capture-phase-3-shortcut-and-focused-capture	1	R7	1	blocking	0	-
assistente-pessoal	2026-08-05T03:55:00Z	0	plan-review	install-and-quick-capture-phase-3-shortcut-and-focused-capture	1	R8	1	blocking	0	-
assistente-pessoal	2026-08-05T05:40:00Z	0	plan-review	install-and-quick-capture-phase-4-network-honesty	1	R-COH-ACTION-VALIDATE-CONTRADICTION	1	blocking	0	-
assistente-pessoal	2026-08-05T05:40:00Z	0	plan-review	install-and-quick-capture-phase-4-network-honesty	1	R-COH-FILES-UNTOUCHED	1	blocking	0	-
assistente-pessoal	2026-08-05T05:40:00Z	0	plan-review	install-and-quick-capture-phase-4-network-honesty	1	R-COH-MANDATORY-READING-MISSING	1	blocking	0	-
assistente-pessoal	2026-08-05T05:40:00Z	0	plan-review	install-and-quick-capture-phase-4-network-honesty	1	R-COH-PATTERN-SOURCE-MISSING	1	blocking	0	-
assistente-pessoal	2026-08-05T05:40:00Z	0	plan-review	install-and-quick-capture-phase-4-network-honesty	1	R-COH-TASK-AC-MISSING	1	blocking	0	-
assistente-pessoal	2026-08-05T05:40:00Z	0	plan-review	install-and-quick-capture-phase-4-network-honesty	1	R-COH-VALIDATE-ALWAYS-PASS	1	blocking	0	-
assistente-pessoal	2026-08-05T05:40:00Z	0	plan-review	install-and-quick-capture-phase-4-network-honesty	1	R-COH-VALIDATE-FORBIDDEN-GREP-SCOPE	1	blocking	0	-
assistente-pessoal	2026-08-05T05:40:00Z	0	plan-review	install-and-quick-capture-phase-4-network-honesty	1	R-COH-VALIDATE-FRAMEWORK-MISMATCH	1	blocking	0	-
assistente-pessoal	2026-08-05T05:40:00Z	0	plan-review	install-and-quick-capture-phase-4-network-honesty	1	R-COH-VALIDATE-PATTERN-UNGROUNDED	1	blocking	0	-
assistente-pessoal	2026-08-05T05:40:00Z	0	plan-review	install-and-quick-capture-phase-4-network-honesty	1	R-COH-VALIDATE-SEARCH-AMBIGUOUS	1	blocking	0	-
assistente-pessoal	2026-08-05T05:40:00Z	0	plan-review	install-and-quick-capture-phase-4-network-honesty	1	R1	1	blocking	0	-
assistente-pessoal	2026-08-05T05:40:00Z	0	plan-review	install-and-quick-capture-phase-4-network-honesty	1	R2	1	blocking	0	-
assistente-pessoal	2026-08-05T05:40:00Z	0	plan-review	install-and-quick-capture-phase-4-network-honesty	1	R3	1	blocking	0	-
assistente-pessoal	2026-08-05T05:40:00Z	0	plan-review	install-and-quick-capture-phase-4-network-honesty	1	R4	1	blocking	0	-
assistente-pessoal	2026-08-05T05:40:00Z	0	plan-review	install-and-quick-capture-phase-4-network-honesty	1	R5	1	blocking	0	-
assistente-pessoal	2026-08-05T05:40:00Z	0	plan-review	install-and-quick-capture-phase-4-network-honesty	1	R6	1	blocking	0	-
assistente-pessoal	2026-08-05T05:40:00Z	0	plan-review	install-and-quick-capture-phase-4-network-honesty	1	R7	1	blocking	0	-
assistente-pessoal	2026-08-05T05:40:00Z	0	plan-review	install-and-quick-capture-phase-4-network-honesty	1	R8	1	blocking	0	-
assistente-pessoal	2026-08-15T21:46:36Z	0	plan-review	task-detail-and-dates-phase-1-priority-as-a-domain-enum	1	R-COH-ACTION-VALIDATE-CONTRADICTION	1	blocking	0	-
assistente-pessoal	2026-08-15T21:46:36Z	0	plan-review	task-detail-and-dates-phase-1-priority-as-a-domain-enum	1	R-COH-FILES-UNTOUCHED	1	blocking	0	-
assistente-pessoal	2026-08-15T21:46:36Z	0	plan-review	task-detail-and-dates-phase-1-priority-as-a-domain-enum	1	R-COH-MANDATORY-READING-MISSING	1	advisory	0	-
assistente-pessoal	2026-08-15T21:46:36Z	0	plan-review	task-detail-and-dates-phase-1-priority-as-a-domain-enum	1	R-COH-PATTERN-SOURCE-MISSING	1	advisory	0	-
assistente-pessoal	2026-08-15T21:46:36Z	0	plan-review	task-detail-and-dates-phase-1-priority-as-a-domain-enum	1	R-COH-TASK-AC-MISSING	1	blocking	0	-
assistente-pessoal	2026-08-15T21:46:36Z	0	plan-review	task-detail-and-dates-phase-1-priority-as-a-domain-enum	1	R-COH-VALIDATE-ALWAYS-PASS	1	blocking	0	-
assistente-pessoal	2026-08-15T21:46:36Z	0	plan-review	task-detail-and-dates-phase-1-priority-as-a-domain-enum	1	R-COH-VALIDATE-FORBIDDEN-GREP-SCOPE	1	blocking	0	-
assistente-pessoal	2026-08-15T21:46:36Z	0	plan-review	task-detail-and-dates-phase-1-priority-as-a-domain-enum	1	R-COH-VALIDATE-FRAMEWORK-MISMATCH	1	blocking	0	-
assistente-pessoal	2026-08-15T21:46:36Z	0	plan-review	task-detail-and-dates-phase-1-priority-as-a-domain-enum	1	R-COH-VALIDATE-PATTERN-UNGROUNDED	1	blocking	0	-
assistente-pessoal	2026-08-15T21:46:36Z	0	plan-review	task-detail-and-dates-phase-1-priority-as-a-domain-enum	1	R-COH-VALIDATE-SEARCH-AMBIGUOUS	1	blocking	0	-
assistente-pessoal	2026-08-15T21:46:36Z	0	plan-review	task-detail-and-dates-phase-1-priority-as-a-domain-enum	1	R1	1	blocking	0	-
assistente-pessoal	2026-08-15T21:46:36Z	0	plan-review	task-detail-and-dates-phase-1-priority-as-a-domain-enum	1	R2	1	blocking	0	-
assistente-pessoal	2026-08-15T21:46:36Z	0	plan-review	task-detail-and-dates-phase-1-priority-as-a-domain-enum	1	R3	1	blocking	0	-
assistente-pessoal	2026-08-15T21:46:36Z	0	plan-review	task-detail-and-dates-phase-1-priority-as-a-domain-enum	1	R4	1	blocking	0	-
assistente-pessoal	2026-08-15T21:46:36Z	0	plan-review	task-detail-and-dates-phase-1-priority-as-a-domain-enum	1	R5	1	blocking	0	-
assistente-pessoal	2026-08-15T21:46:36Z	0	plan-review	task-detail-and-dates-phase-1-priority-as-a-domain-enum	1	R6	1	blocking	0	-
assistente-pessoal	2026-08-15T21:46:36Z	0	plan-review	task-detail-and-dates-phase-1-priority-as-a-domain-enum	1	R7	1	blocking	0	-
assistente-pessoal	2026-08-15T21:46:36Z	0	plan-review	task-detail-and-dates-phase-1-priority-as-a-domain-enum	1	R8	1	blocking	0	-
assistente-pessoal	2026-08-15T21:46:36Z	0	plan-review	task-detail-and-dates-phase-1-priority-as-a-domain-enum	1	R8a	1	blocking	0	-
assistente-pessoal	2026-08-15T21:46:36Z	0	plan-review	task-detail-and-dates-phase-1-priority-as-a-domain-enum	1	R8b	1	blocking	0	-
assistente-pessoal	2026-08-15T21:46:36Z	0	plan-review	task-detail-and-dates-phase-1-priority-as-a-domain-enum	1	R8c	1	blocking	0	-
assistente-pessoal	2026-08-15T22:10:00Z	0	plan-review	task-detail-and-dates-phase-2-task-update-route	1	R-COH-ACTION-VALIDATE-CONTRADICTION	1	blocking	0	-
assistente-pessoal	2026-08-15T22:10:00Z	0	plan-review	task-detail-and-dates-phase-2-task-update-route	1	R-COH-FILES-UNTOUCHED	1	blocking	0	-
assistente-pessoal	2026-08-15T22:10:00Z	0	plan-review	task-detail-and-dates-phase-2-task-update-route	1	R-COH-MANDATORY-READING-MISSING	1	advisory	0	-
assistente-pessoal	2026-08-15T22:10:00Z	0	plan-review	task-detail-and-dates-phase-2-task-update-route	1	R-COH-PATTERN-SOURCE-MISSING	1	advisory	0	-
assistente-pessoal	2026-08-15T22:10:00Z	0	plan-review	task-detail-and-dates-phase-2-task-update-route	1	R-COH-TASK-AC-MISSING	1	blocking	0	-
assistente-pessoal	2026-08-15T22:10:00Z	0	plan-review	task-detail-and-dates-phase-2-task-update-route	1	R-COH-VALIDATE-ALWAYS-PASS	1	blocking	0	-
assistente-pessoal	2026-08-15T22:10:00Z	0	plan-review	task-detail-and-dates-phase-2-task-update-route	1	R-COH-VALIDATE-FORBIDDEN-GREP-SCOPE	1	blocking	0	-
assistente-pessoal	2026-08-15T22:10:00Z	0	plan-review	task-detail-and-dates-phase-2-task-update-route	1	R-COH-VALIDATE-FRAMEWORK-MISMATCH	1	blocking	0	-
assistente-pessoal	2026-08-15T22:10:00Z	0	plan-review	task-detail-and-dates-phase-2-task-update-route	1	R-COH-VALIDATE-PATTERN-UNGROUNDED	1	blocking	0	-
assistente-pessoal	2026-08-15T22:10:00Z	0	plan-review	task-detail-and-dates-phase-2-task-update-route	1	R-COH-VALIDATE-SEARCH-AMBIGUOUS	1	blocking	0	-
assistente-pessoal	2026-08-15T22:10:00Z	0	plan-review	task-detail-and-dates-phase-2-task-update-route	1	R1	1	blocking	0	-
assistente-pessoal	2026-08-15T22:10:00Z	0	plan-review	task-detail-and-dates-phase-2-task-update-route	1	R2	1	blocking	0	-
assistente-pessoal	2026-08-15T22:10:00Z	0	plan-review	task-detail-and-dates-phase-2-task-update-route	1	R3	1	blocking	0	-
assistente-pessoal	2026-08-15T22:10:00Z	0	plan-review	task-detail-and-dates-phase-2-task-update-route	1	R4	1	blocking	0	-
assistente-pessoal	2026-08-15T22:10:00Z	0	plan-review	task-detail-and-dates-phase-2-task-update-route	1	R5	1	blocking	0	-
assistente-pessoal	2026-08-15T22:10:00Z	0	plan-review	task-detail-and-dates-phase-2-task-update-route	1	R6	1	blocking	0	-
assistente-pessoal	2026-08-15T22:10:00Z	0	plan-review	task-detail-and-dates-phase-2-task-update-route	1	R7	1	blocking	0	-
assistente-pessoal	2026-08-15T22:10:00Z	0	plan-review	task-detail-and-dates-phase-2-task-update-route	1	R8	1	blocking	0	-
assistente-pessoal	2026-08-15T22:10:00Z	0	plan-review	task-detail-and-dates-phase-2-task-update-route	1	R8a	1	blocking	0	-
assistente-pessoal	2026-08-15T22:10:00Z	0	plan-review	task-detail-and-dates-phase-2-task-update-route	1	R8b	1	blocking	0	-
assistente-pessoal	2026-08-15T22:10:00Z	0	plan-review	task-detail-and-dates-phase-2-task-update-route	1	R8c	1	blocking	0	-
assistente-pessoal	2026-08-15T22:20:00Z	0	plan-review	task-detail-and-dates-phase-3-frozen-read-contract	1	R-COH-ACTION-VALIDATE-CONTRADICTION	1	blocking	0	-
assistente-pessoal	2026-08-15T22:20:00Z	0	plan-review	task-detail-and-dates-phase-3-frozen-read-contract	1	R-COH-FILES-UNTOUCHED	1	blocking	0	-
assistente-pessoal	2026-08-15T22:20:00Z	0	plan-review	task-detail-and-dates-phase-3-frozen-read-contract	1	R-COH-MANDATORY-READING-MISSING	1	advisory	0	-
assistente-pessoal	2026-08-15T22:20:00Z	0	plan-review	task-detail-and-dates-phase-3-frozen-read-contract	1	R-COH-PATTERN-SOURCE-MISSING	1	advisory	0	-
assistente-pessoal	2026-08-15T22:20:00Z	0	plan-review	task-detail-and-dates-phase-3-frozen-read-contract	1	R-COH-TASK-AC-MISSING	1	blocking	0	-
assistente-pessoal	2026-08-15T22:20:00Z	0	plan-review	task-detail-and-dates-phase-3-frozen-read-contract	1	R-COH-VALIDATE-ALWAYS-PASS	1	blocking	0	-
assistente-pessoal	2026-08-15T22:20:00Z	0	plan-review	task-detail-and-dates-phase-3-frozen-read-contract	1	R-COH-VALIDATE-FORBIDDEN-GREP-SCOPE	1	blocking	0	-
assistente-pessoal	2026-08-15T22:20:00Z	0	plan-review	task-detail-and-dates-phase-3-frozen-read-contract	1	R-COH-VALIDATE-FRAMEWORK-MISMATCH	1	blocking	0	-
assistente-pessoal	2026-08-15T22:20:00Z	0	plan-review	task-detail-and-dates-phase-3-frozen-read-contract	1	R-COH-VALIDATE-PATTERN-UNGROUNDED	1	blocking	0	-
assistente-pessoal	2026-08-15T22:20:00Z	0	plan-review	task-detail-and-dates-phase-3-frozen-read-contract	1	R-COH-VALIDATE-SEARCH-AMBIGUOUS	1	blocking	0	-
assistente-pessoal	2026-08-15T22:20:00Z	0	plan-review	task-detail-and-dates-phase-3-frozen-read-contract	1	R1	1	blocking	0	-
assistente-pessoal	2026-08-15T22:20:00Z	0	plan-review	task-detail-and-dates-phase-3-frozen-read-contract	1	R2	1	blocking	0	-
assistente-pessoal	2026-08-15T22:20:00Z	0	plan-review	task-detail-and-dates-phase-3-frozen-read-contract	1	R3	1	blocking	0	-
assistente-pessoal	2026-08-15T22:20:00Z	0	plan-review	task-detail-and-dates-phase-3-frozen-read-contract	1	R4	1	blocking	0	-
assistente-pessoal	2026-08-15T22:20:00Z	0	plan-review	task-detail-and-dates-phase-3-frozen-read-contract	1	R5	1	blocking	0	-
assistente-pessoal	2026-08-15T22:20:00Z	0	plan-review	task-detail-and-dates-phase-3-frozen-read-contract	1	R6	1	blocking	0	-
assistente-pessoal	2026-08-15T22:20:00Z	0	plan-review	task-detail-and-dates-phase-3-frozen-read-contract	1	R7	1	blocking	0	-
assistente-pessoal	2026-08-15T22:20:00Z	0	plan-review	task-detail-and-dates-phase-3-frozen-read-contract	1	R8	1	blocking	0	-
assistente-pessoal	2026-08-15T22:20:00Z	0	plan-review	task-detail-and-dates-phase-3-frozen-read-contract	1	R8a	1	blocking	0	-
assistente-pessoal	2026-08-15T22:20:00Z	0	plan-review	task-detail-and-dates-phase-3-frozen-read-contract	1	R8b	1	blocking	0	-
assistente-pessoal	2026-08-15T22:20:00Z	0	plan-review	task-detail-and-dates-phase-3-frozen-read-contract	1	R8c	1	blocking	0	-
assistente-pessoal	2026-08-15T22:35:00Z	0	plan-review	task-detail-and-dates-phase-4-detail-screen-and-inline-title-edit	1	R-COH-ACTION-VALIDATE-CONTRADICTION	1	blocking	0	-
assistente-pessoal	2026-08-15T22:35:00Z	0	plan-review	task-detail-and-dates-phase-4-detail-screen-and-inline-title-edit	1	R-COH-FILES-UNTOUCHED	1	blocking	0	-
assistente-pessoal	2026-08-15T22:35:00Z	0	plan-review	task-detail-and-dates-phase-4-detail-screen-and-inline-title-edit	1	R-COH-MANDATORY-READING-MISSING	1	advisory	0	-
assistente-pessoal	2026-08-15T22:35:00Z	0	plan-review	task-detail-and-dates-phase-4-detail-screen-and-inline-title-edit	1	R-COH-PATTERN-SOURCE-MISSING	1	advisory	0	-
assistente-pessoal	2026-08-15T22:35:00Z	0	plan-review	task-detail-and-dates-phase-4-detail-screen-and-inline-title-edit	1	R-COH-TASK-AC-MISSING	1	blocking	0	-
assistente-pessoal	2026-08-15T22:35:00Z	0	plan-review	task-detail-and-dates-phase-4-detail-screen-and-inline-title-edit	1	R-COH-VALIDATE-ALWAYS-PASS	1	blocking	0	-
assistente-pessoal	2026-08-15T22:35:00Z	0	plan-review	task-detail-and-dates-phase-4-detail-screen-and-inline-title-edit	1	R-COH-VALIDATE-FORBIDDEN-GREP-SCOPE	1	blocking	0	-
assistente-pessoal	2026-08-15T22:35:00Z	0	plan-review	task-detail-and-dates-phase-4-detail-screen-and-inline-title-edit	1	R-COH-VALIDATE-FRAMEWORK-MISMATCH	1	blocking	0	-
assistente-pessoal	2026-08-15T22:35:00Z	0	plan-review	task-detail-and-dates-phase-4-detail-screen-and-inline-title-edit	1	R-COH-VALIDATE-PATTERN-UNGROUNDED	1	blocking	0	-
assistente-pessoal	2026-08-15T22:35:00Z	0	plan-review	task-detail-and-dates-phase-4-detail-screen-and-inline-title-edit	1	R-COH-VALIDATE-SEARCH-AMBIGUOUS	1	blocking	0	-
assistente-pessoal	2026-08-15T22:35:00Z	0	plan-review	task-detail-and-dates-phase-4-detail-screen-and-inline-title-edit	1	R1	1	blocking	0	-
assistente-pessoal	2026-08-15T22:35:00Z	0	plan-review	task-detail-and-dates-phase-4-detail-screen-and-inline-title-edit	1	R2	1	blocking	0	-
assistente-pessoal	2026-08-15T22:35:00Z	0	plan-review	task-detail-and-dates-phase-4-detail-screen-and-inline-title-edit	1	R3	1	blocking	0	-
assistente-pessoal	2026-08-15T22:35:00Z	0	plan-review	task-detail-and-dates-phase-4-detail-screen-and-inline-title-edit	1	R4	1	blocking	0	-
assistente-pessoal	2026-08-15T22:35:00Z	0	plan-review	task-detail-and-dates-phase-4-detail-screen-and-inline-title-edit	1	R5	1	blocking	0	-
assistente-pessoal	2026-08-15T22:35:00Z	0	plan-review	task-detail-and-dates-phase-4-detail-screen-and-inline-title-edit	1	R6	1	blocking	0	-
assistente-pessoal	2026-08-15T22:35:00Z	0	plan-review	task-detail-and-dates-phase-4-detail-screen-and-inline-title-edit	1	R7	1	blocking	0	-
assistente-pessoal	2026-08-15T22:35:00Z	0	plan-review	task-detail-and-dates-phase-4-detail-screen-and-inline-title-edit	1	R8	1	blocking	0	-
assistente-pessoal	2026-08-15T22:35:00Z	0	plan-review	task-detail-and-dates-phase-4-detail-screen-and-inline-title-edit	1	R8a	1	blocking	0	-
assistente-pessoal	2026-08-15T22:35:00Z	0	plan-review	task-detail-and-dates-phase-4-detail-screen-and-inline-title-edit	1	R8b	1	blocking	0	-
assistente-pessoal	2026-08-15T22:35:00Z	0	plan-review	task-detail-and-dates-phase-4-detail-screen-and-inline-title-edit	1	R8c	1	blocking	0	-
assistente-pessoal	2026-08-23T16:04:21Z	0	plan-review	today-view-and-filters-phase-1-list-filters-on-the-api	1	R-COH-ACTION-VALIDATE-CONTRADICTION	1	blocking	0	-
assistente-pessoal	2026-08-23T16:04:21Z	0	plan-review	today-view-and-filters-phase-1-list-filters-on-the-api	1	R-COH-FILES-UNTOUCHED	1	blocking	0	-
assistente-pessoal	2026-08-23T16:04:21Z	0	plan-review	today-view-and-filters-phase-1-list-filters-on-the-api	1	R-COH-MANDATORY-READING-MISSING	1	advisory	0	-
assistente-pessoal	2026-08-23T16:04:21Z	0	plan-review	today-view-and-filters-phase-1-list-filters-on-the-api	1	R-COH-OTHER-INTERNAL-CONTRADICTION	0	advisory	0	-
assistente-pessoal	2026-08-23T16:04:21Z	0	plan-review	today-view-and-filters-phase-1-list-filters-on-the-api	1	R-COH-PATTERN-SOURCE-MISSING	1	advisory	0	-
assistente-pessoal	2026-08-23T16:04:21Z	0	plan-review	today-view-and-filters-phase-1-list-filters-on-the-api	1	R-COH-TASK-AC-MISSING	1	blocking	0	-
assistente-pessoal	2026-08-23T16:04:21Z	0	plan-review	today-view-and-filters-phase-1-list-filters-on-the-api	1	R-COH-VALIDATE-ALWAYS-PASS	1	blocking	0	-
assistente-pessoal	2026-08-23T16:04:21Z	0	plan-review	today-view-and-filters-phase-1-list-filters-on-the-api	1	R-COH-VALIDATE-FORBIDDEN-GREP-SCOPE	1	blocking	0	-
assistente-pessoal	2026-08-23T16:04:21Z	0	plan-review	today-view-and-filters-phase-1-list-filters-on-the-api	1	R-COH-VALIDATE-FRAMEWORK-MISMATCH	1	blocking	0	-
assistente-pessoal	2026-08-23T16:04:21Z	0	plan-review	today-view-and-filters-phase-1-list-filters-on-the-api	1	R-COH-VALIDATE-PATTERN-UNGROUNDED	1	blocking	0	-
assistente-pessoal	2026-08-23T16:04:21Z	0	plan-review	today-view-and-filters-phase-1-list-filters-on-the-api	1	R-COH-VALIDATE-SEARCH-AMBIGUOUS	1	blocking	0	-
assistente-pessoal	2026-08-23T16:04:21Z	0	plan-review	today-view-and-filters-phase-1-list-filters-on-the-api	1	R1	1	blocking	0	-
assistente-pessoal	2026-08-23T16:04:21Z	0	plan-review	today-view-and-filters-phase-1-list-filters-on-the-api	1	R2	1	blocking	0	-
assistente-pessoal	2026-08-23T16:04:21Z	0	plan-review	today-view-and-filters-phase-1-list-filters-on-the-api	1	R3	1	blocking	0	-
assistente-pessoal	2026-08-23T16:04:21Z	0	plan-review	today-view-and-filters-phase-1-list-filters-on-the-api	1	R4	1	blocking	0	-
assistente-pessoal	2026-08-23T16:04:21Z	0	plan-review	today-view-and-filters-phase-1-list-filters-on-the-api	1	R5	1	blocking	0	-
assistente-pessoal	2026-08-23T16:04:21Z	0	plan-review	today-view-and-filters-phase-1-list-filters-on-the-api	1	R6	1	blocking	0	-
assistente-pessoal	2026-08-23T16:04:21Z	0	plan-review	today-view-and-filters-phase-1-list-filters-on-the-api	1	R7	1	blocking	0	-
assistente-pessoal	2026-08-23T16:04:21Z	0	plan-review	today-view-and-filters-phase-1-list-filters-on-the-api	1	R8a	1	blocking	0	-
assistente-pessoal	2026-08-23T16:04:21Z	0	plan-review	today-view-and-filters-phase-1-list-filters-on-the-api	1	R8b	1	blocking	0	-
assistente-pessoal	2026-08-23T16:04:21Z	0	plan-review	today-view-and-filters-phase-1-list-filters-on-the-api	1	R8c	1	blocking	0	-
assistente-pessoal	2026-08-23T18:30:00Z	0	plan-review	today-view-and-filters-phase-2-grouping-and-the-grouped-list	1	R-COH-ACTION-VALIDATE-CONTRADICTION	1	blocking	0	-
assistente-pessoal	2026-08-23T18:30:00Z	0	plan-review	today-view-and-filters-phase-2-grouping-and-the-grouped-list	1	R-COH-FILES-UNTOUCHED	1	blocking	0	-
assistente-pessoal	2026-08-23T18:30:00Z	0	plan-review	today-view-and-filters-phase-2-grouping-and-the-grouped-list	1	R-COH-MANDATORY-READING-MISSING	1	advisory	0	-
assistente-pessoal	2026-08-23T18:30:00Z	0	plan-review	today-view-and-filters-phase-2-grouping-and-the-grouped-list	1	R-COH-PATTERN-SOURCE-MISSING	1	advisory	0	-
assistente-pessoal	2026-08-23T18:30:00Z	0	plan-review	today-view-and-filters-phase-2-grouping-and-the-grouped-list	1	R-COH-PATTERN-TASK-DRIFT	1	blocking	0	-
assistente-pessoal	2026-08-23T18:30:00Z	0	plan-review	today-view-and-filters-phase-2-grouping-and-the-grouped-list	1	R-COH-TASK-AC-MISSING	1	blocking	0	-
assistente-pessoal	2026-08-23T18:30:00Z	0	plan-review	today-view-and-filters-phase-2-grouping-and-the-grouped-list	1	R-COH-VALIDATE-ALWAYS-PASS	1	blocking	0	-
assistente-pessoal	2026-08-23T18:30:00Z	0	plan-review	today-view-and-filters-phase-2-grouping-and-the-grouped-list	1	R-COH-VALIDATE-FORBIDDEN-GREP-SCOPE	1	blocking	0	-
assistente-pessoal	2026-08-23T18:30:00Z	0	plan-review	today-view-and-filters-phase-2-grouping-and-the-grouped-list	1	R-COH-VALIDATE-FRAMEWORK-MISMATCH	1	blocking	0	-
assistente-pessoal	2026-08-23T18:30:00Z	0	plan-review	today-view-and-filters-phase-2-grouping-and-the-grouped-list	1	R-COH-VALIDATE-PATTERN-UNGROUNDED	1	blocking	0	-
assistente-pessoal	2026-08-23T18:30:00Z	0	plan-review	today-view-and-filters-phase-2-grouping-and-the-grouped-list	1	R-COH-VALIDATE-SEARCH-AMBIGUOUS	1	blocking	0	-
assistente-pessoal	2026-08-23T18:30:00Z	0	plan-review	today-view-and-filters-phase-2-grouping-and-the-grouped-list	1	R1	1	blocking	0	-
assistente-pessoal	2026-08-23T18:30:00Z	0	plan-review	today-view-and-filters-phase-2-grouping-and-the-grouped-list	1	R2	1	blocking	0	-
assistente-pessoal	2026-08-23T18:30:00Z	0	plan-review	today-view-and-filters-phase-2-grouping-and-the-grouped-list	1	R3	1	blocking	0	-
assistente-pessoal	2026-08-23T18:30:00Z	0	plan-review	today-view-and-filters-phase-2-grouping-and-the-grouped-list	1	R4	1	blocking	0	-
assistente-pessoal	2026-08-23T18:30:00Z	0	plan-review	today-view-and-filters-phase-2-grouping-and-the-grouped-list	1	R5	1	blocking	0	-
assistente-pessoal	2026-08-23T18:30:00Z	0	plan-review	today-view-and-filters-phase-2-grouping-and-the-grouped-list	1	R6	1	blocking	0	-
assistente-pessoal	2026-08-23T18:30:00Z	0	plan-review	today-view-and-filters-phase-2-grouping-and-the-grouped-list	1	R7	1	blocking	0	-
assistente-pessoal	2026-08-23T18:30:00Z	0	plan-review	today-view-and-filters-phase-2-grouping-and-the-grouped-list	1	R8a	1	blocking	0	-
assistente-pessoal	2026-08-23T18:30:00Z	0	plan-review	today-view-and-filters-phase-2-grouping-and-the-grouped-list	1	R8b	1	blocking	0	-
assistente-pessoal	2026-08-23T18:30:00Z	0	plan-review	today-view-and-filters-phase-2-grouping-and-the-grouped-list	1	R8c	1	blocking	0	-
assistente-pessoal	2026-08-24T12:00:00Z	0	plan-review	today-view-and-filters-phase-3-quick-filters-and-the-filter-sheet	1	R-COH-ACTION-VALIDATE-CONTRADICTION	1	blocking	0	-
assistente-pessoal	2026-08-24T12:00:00Z	0	plan-review	today-view-and-filters-phase-3-quick-filters-and-the-filter-sheet	1	R-COH-FILES-UNTOUCHED	1	blocking	0	-
assistente-pessoal	2026-08-24T12:00:00Z	0	plan-review	today-view-and-filters-phase-3-quick-filters-and-the-filter-sheet	1	R-COH-MANDATORY-READING-MISSING	1	advisory	0	-
assistente-pessoal	2026-08-24T12:00:00Z	0	plan-review	today-view-and-filters-phase-3-quick-filters-and-the-filter-sheet	1	R-COH-PATTERN-SOURCE-MISSING	1	advisory	0	-
assistente-pessoal	2026-08-24T12:00:00Z	0	plan-review	today-view-and-filters-phase-3-quick-filters-and-the-filter-sheet	1	R-COH-PATTERN-TASK-DRIFT	1	blocking	0	-
assistente-pessoal	2026-08-24T12:00:00Z	0	plan-review	today-view-and-filters-phase-3-quick-filters-and-the-filter-sheet	1	R-COH-TASK-AC-MISSING	1	blocking	0	-
assistente-pessoal	2026-08-24T12:00:00Z	0	plan-review	today-view-and-filters-phase-3-quick-filters-and-the-filter-sheet	1	R-COH-VALIDATE-ALWAYS-PASS	1	blocking	0	-
assistente-pessoal	2026-08-24T12:00:00Z	0	plan-review	today-view-and-filters-phase-3-quick-filters-and-the-filter-sheet	1	R-COH-VALIDATE-FORBIDDEN-GREP-SCOPE	1	blocking	0	-
assistente-pessoal	2026-08-24T12:00:00Z	0	plan-review	today-view-and-filters-phase-3-quick-filters-and-the-filter-sheet	1	R-COH-VALIDATE-FRAMEWORK-MISMATCH	1	blocking	0	-
assistente-pessoal	2026-08-24T12:00:00Z	0	plan-review	today-view-and-filters-phase-3-quick-filters-and-the-filter-sheet	1	R-COH-VALIDATE-PATTERN-UNGROUNDED	1	blocking	0	-
assistente-pessoal	2026-08-24T12:00:00Z	0	plan-review	today-view-and-filters-phase-3-quick-filters-and-the-filter-sheet	1	R-COH-VALIDATE-SEARCH-AMBIGUOUS	1	blocking	0	-
assistente-pessoal	2026-08-24T12:00:00Z	0	plan-review	today-view-and-filters-phase-3-quick-filters-and-the-filter-sheet	1	R1	1	blocking	0	-
assistente-pessoal	2026-08-24T12:00:00Z	0	plan-review	today-view-and-filters-phase-3-quick-filters-and-the-filter-sheet	1	R2	1	blocking	0	-
assistente-pessoal	2026-08-24T12:00:00Z	0	plan-review	today-view-and-filters-phase-3-quick-filters-and-the-filter-sheet	1	R3	1	blocking	0	-
assistente-pessoal	2026-08-24T12:00:00Z	0	plan-review	today-view-and-filters-phase-3-quick-filters-and-the-filter-sheet	1	R4	1	blocking	0	-
assistente-pessoal	2026-08-24T12:00:00Z	0	plan-review	today-view-and-filters-phase-3-quick-filters-and-the-filter-sheet	1	R5	1	blocking	0	-
assistente-pessoal	2026-08-24T12:00:00Z	0	plan-review	today-view-and-filters-phase-3-quick-filters-and-the-filter-sheet	1	R6	1	blocking	0	-
assistente-pessoal	2026-08-24T12:00:00Z	0	plan-review	today-view-and-filters-phase-3-quick-filters-and-the-filter-sheet	1	R7	1	blocking	0	-
assistente-pessoal	2026-08-24T12:00:00Z	0	plan-review	today-view-and-filters-phase-3-quick-filters-and-the-filter-sheet	1	R8a	1	blocking	0	-
assistente-pessoal	2026-08-24T12:00:00Z	0	plan-review	today-view-and-filters-phase-3-quick-filters-and-the-filter-sheet	1	R8b	1	blocking	0	-
assistente-pessoal	2026-08-24T12:00:00Z	0	plan-review	today-view-and-filters-phase-3-quick-filters-and-the-filter-sheet	1	R8c	1	blocking	0	-
assistente-pessoal	2026-08-21T20:20:30Z	0	plan-review	ui-design-pass-phase-1-chrome-fonts-and-foundation	1	R-COH-ACTION-VALIDATE-CONTRADICTION	1	blocking	0	-
assistente-pessoal	2026-08-21T20:20:30Z	0	plan-review	ui-design-pass-phase-1-chrome-fonts-and-foundation	1	R-COH-FILES-UNTOUCHED	1	blocking	0	-
assistente-pessoal	2026-08-21T20:20:30Z	0	plan-review	ui-design-pass-phase-1-chrome-fonts-and-foundation	1	R-COH-MANDATORY-READING-MISSING	1	advisory	0	-
assistente-pessoal	2026-08-21T20:20:30Z	0	plan-review	ui-design-pass-phase-1-chrome-fonts-and-foundation	1	R-COH-PATTERN-SOURCE-MISSING	1	advisory	0	-
assistente-pessoal	2026-08-21T20:20:30Z	0	plan-review	ui-design-pass-phase-1-chrome-fonts-and-foundation	1	R-COH-TASK-AC-MISSING	1	blocking	0	-
assistente-pessoal	2026-08-21T20:20:30Z	0	plan-review	ui-design-pass-phase-1-chrome-fonts-and-foundation	1	R-COH-VALIDATE-ALWAYS-PASS	1	blocking	0	-
assistente-pessoal	2026-08-21T20:20:30Z	0	plan-review	ui-design-pass-phase-1-chrome-fonts-and-foundation	1	R-COH-VALIDATE-FORBIDDEN-GREP-SCOPE	1	blocking	0	-
assistente-pessoal	2026-08-21T20:20:30Z	0	plan-review	ui-design-pass-phase-1-chrome-fonts-and-foundation	1	R-COH-VALIDATE-FRAMEWORK-MISMATCH	1	blocking	0	-
assistente-pessoal	2026-08-21T20:20:30Z	0	plan-review	ui-design-pass-phase-1-chrome-fonts-and-foundation	1	R-COH-VALIDATE-PATTERN-UNGROUNDED	1	blocking	0	-
assistente-pessoal	2026-08-21T20:20:30Z	0	plan-review	ui-design-pass-phase-1-chrome-fonts-and-foundation	1	R-COH-VALIDATE-SEARCH-AMBIGUOUS	1	blocking	0	-
assistente-pessoal	2026-08-21T20:20:30Z	0	plan-review	ui-design-pass-phase-1-chrome-fonts-and-foundation	1	R1	1	blocking	0	-
assistente-pessoal	2026-08-21T20:20:30Z	0	plan-review	ui-design-pass-phase-1-chrome-fonts-and-foundation	1	R2	1	blocking	0	-
assistente-pessoal	2026-08-21T20:20:30Z	0	plan-review	ui-design-pass-phase-1-chrome-fonts-and-foundation	1	R3	1	blocking	0	-
assistente-pessoal	2026-08-21T20:20:30Z	0	plan-review	ui-design-pass-phase-1-chrome-fonts-and-foundation	1	R4	1	blocking	0	-
assistente-pessoal	2026-08-21T20:20:30Z	0	plan-review	ui-design-pass-phase-1-chrome-fonts-and-foundation	1	R5	1	blocking	0	-
assistente-pessoal	2026-08-21T20:20:30Z	0	plan-review	ui-design-pass-phase-1-chrome-fonts-and-foundation	1	R6	1	blocking	0	-
assistente-pessoal	2026-08-21T20:20:30Z	0	plan-review	ui-design-pass-phase-1-chrome-fonts-and-foundation	1	R7	1	blocking	0	-
assistente-pessoal	2026-08-21T20:20:30Z	0	plan-review	ui-design-pass-phase-1-chrome-fonts-and-foundation	1	R8	1	blocking	0	-
assistente-pessoal	2026-08-21T20:20:30Z	0	plan-review	ui-design-pass-phase-1-chrome-fonts-and-foundation	1	R8a	1	blocking	0	-
assistente-pessoal	2026-08-21T20:20:30Z	0	plan-review	ui-design-pass-phase-1-chrome-fonts-and-foundation	1	R8b	1	blocking	0	-
assistente-pessoal	2026-08-21T20:20:30Z	0	plan-review	ui-design-pass-phase-1-chrome-fonts-and-foundation	1	R8c	1	blocking	0	-
assistente-pessoal	2026-08-21T22:06:25Z	0	plan-review	ui-design-pass-phase-2-today-screen	1	R-COH-ACTION-VALIDATE-CONTRADICTION	1	blocking	0	-
assistente-pessoal	2026-08-21T22:06:25Z	0	plan-review	ui-design-pass-phase-2-today-screen	1	R-COH-FILES-UNTOUCHED	1	blocking	0	-
assistente-pessoal	2026-08-21T22:06:25Z	0	plan-review	ui-design-pass-phase-2-today-screen	1	R-COH-MANDATORY-READING-MISSING	1	advisory	0	-
assistente-pessoal	2026-08-21T22:06:25Z	0	plan-review	ui-design-pass-phase-2-today-screen	1	R-COH-PATTERN-SOURCE-MISSING	1	advisory	0	-
assistente-pessoal	2026-08-21T22:06:25Z	0	plan-review	ui-design-pass-phase-2-today-screen	1	R-COH-TASK-AC-MISSING	1	blocking	0	-
assistente-pessoal	2026-08-21T22:06:25Z	0	plan-review	ui-design-pass-phase-2-today-screen	1	R-COH-VALIDATE-ALWAYS-PASS	1	blocking	0	-
assistente-pessoal	2026-08-21T22:06:25Z	0	plan-review	ui-design-pass-phase-2-today-screen	1	R-COH-VALIDATE-FORBIDDEN-GREP-SCOPE	1	blocking	0	-
assistente-pessoal	2026-08-21T22:06:25Z	0	plan-review	ui-design-pass-phase-2-today-screen	1	R-COH-VALIDATE-FRAMEWORK-MISMATCH	1	blocking	0	-
assistente-pessoal	2026-08-21T22:06:25Z	0	plan-review	ui-design-pass-phase-2-today-screen	1	R-COH-VALIDATE-PATTERN-UNGROUNDED	1	blocking	0	-
assistente-pessoal	2026-08-21T22:06:25Z	0	plan-review	ui-design-pass-phase-2-today-screen	1	R-COH-VALIDATE-SEARCH-AMBIGUOUS	1	blocking	0	-
assistente-pessoal	2026-08-21T22:06:25Z	0	plan-review	ui-design-pass-phase-2-today-screen	1	R1	1	blocking	0	-
assistente-pessoal	2026-08-21T22:06:25Z	0	plan-review	ui-design-pass-phase-2-today-screen	1	R2	1	blocking	0	-
assistente-pessoal	2026-08-21T22:06:25Z	0	plan-review	ui-design-pass-phase-2-today-screen	1	R3	1	blocking	0	-
assistente-pessoal	2026-08-21T22:06:25Z	0	plan-review	ui-design-pass-phase-2-today-screen	1	R4	1	blocking	0	-
assistente-pessoal	2026-08-21T22:06:25Z	0	plan-review	ui-design-pass-phase-2-today-screen	1	R5	1	blocking	0	-
assistente-pessoal	2026-08-21T22:06:25Z	0	plan-review	ui-design-pass-phase-2-today-screen	1	R6	1	blocking	0	-
assistente-pessoal	2026-08-21T22:06:25Z	0	plan-review	ui-design-pass-phase-2-today-screen	1	R7	1	blocking	0	-
assistente-pessoal	2026-08-21T22:06:25Z	0	plan-review	ui-design-pass-phase-2-today-screen	1	R8	1	blocking	0	-
assistente-pessoal	2026-08-21T22:06:25Z	0	plan-review	ui-design-pass-phase-2-today-screen	1	R8a	1	blocking	0	-
assistente-pessoal	2026-08-21T22:06:25Z	0	plan-review	ui-design-pass-phase-2-today-screen	1	R8b	1	blocking	0	-
assistente-pessoal	2026-08-21T22:06:25Z	0	plan-review	ui-design-pass-phase-2-today-screen	1	R8c	1	blocking	0	-
assistente-pessoal	2026-08-22T00:26:30Z	0	plan-review	ui-design-pass-phase-3-sheet-confirmation-and-token-gate	1	R-COH-ACTION-VALIDATE-CONTRADICTION	1	blocking	0	-
assistente-pessoal	2026-08-22T00:26:30Z	0	plan-review	ui-design-pass-phase-3-sheet-confirmation-and-token-gate	1	R-COH-FILES-UNTOUCHED	1	blocking	0	-
assistente-pessoal	2026-08-22T00:26:30Z	0	plan-review	ui-design-pass-phase-3-sheet-confirmation-and-token-gate	1	R-COH-MANDATORY-READING-MISSING	1	advisory	0	-
assistente-pessoal	2026-08-22T00:26:30Z	0	plan-review	ui-design-pass-phase-3-sheet-confirmation-and-token-gate	1	R-COH-PATTERN-SOURCE-MISSING	1	advisory	0	-
assistente-pessoal	2026-08-22T00:26:30Z	0	plan-review	ui-design-pass-phase-3-sheet-confirmation-and-token-gate	1	R-COH-TASK-AC-MISSING	1	blocking	0	-
assistente-pessoal	2026-08-22T00:26:30Z	0	plan-review	ui-design-pass-phase-3-sheet-confirmation-and-token-gate	1	R-COH-VALIDATE-ALWAYS-PASS	1	blocking	0	-
assistente-pessoal	2026-08-22T00:26:30Z	0	plan-review	ui-design-pass-phase-3-sheet-confirmation-and-token-gate	1	R-COH-VALIDATE-FORBIDDEN-GREP-SCOPE	1	blocking	0	-
assistente-pessoal	2026-08-22T00:26:30Z	0	plan-review	ui-design-pass-phase-3-sheet-confirmation-and-token-gate	1	R-COH-VALIDATE-FRAMEWORK-MISMATCH	1	blocking	0	-
assistente-pessoal	2026-08-22T00:26:30Z	0	plan-review	ui-design-pass-phase-3-sheet-confirmation-and-token-gate	1	R-COH-VALIDATE-PATTERN-UNGROUNDED	1	blocking	0	-
assistente-pessoal	2026-08-22T00:26:30Z	0	plan-review	ui-design-pass-phase-3-sheet-confirmation-and-token-gate	1	R-COH-VALIDATE-SEARCH-AMBIGUOUS	1	blocking	0	-
assistente-pessoal	2026-08-22T00:26:30Z	0	plan-review	ui-design-pass-phase-3-sheet-confirmation-and-token-gate	1	R1	1	blocking	0	-
assistente-pessoal	2026-08-22T00:26:30Z	0	plan-review	ui-design-pass-phase-3-sheet-confirmation-and-token-gate	1	R2	1	blocking	0	-
assistente-pessoal	2026-08-22T00:26:30Z	0	plan-review	ui-design-pass-phase-3-sheet-confirmation-and-token-gate	1	R3	1	blocking	0	-
assistente-pessoal	2026-08-22T00:26:30Z	0	plan-review	ui-design-pass-phase-3-sheet-confirmation-and-token-gate	1	R4	1	blocking	0	-
assistente-pessoal	2026-08-22T00:26:30Z	0	plan-review	ui-design-pass-phase-3-sheet-confirmation-and-token-gate	1	R5	1	blocking	0	-
assistente-pessoal	2026-08-22T00:26:30Z	0	plan-review	ui-design-pass-phase-3-sheet-confirmation-and-token-gate	1	R6	1	blocking	0	-
assistente-pessoal	2026-08-22T00:26:30Z	0	plan-review	ui-design-pass-phase-3-sheet-confirmation-and-token-gate	1	R7	1	blocking	0	-
assistente-pessoal	2026-08-22T00:26:30Z	0	plan-review	ui-design-pass-phase-3-sheet-confirmation-and-token-gate	1	R8	1	blocking	0	-
assistente-pessoal	2026-08-22T00:26:30Z	0	plan-review	ui-design-pass-phase-3-sheet-confirmation-and-token-gate	1	R8a	1	blocking	0	-
assistente-pessoal	2026-08-22T00:26:30Z	0	plan-review	ui-design-pass-phase-3-sheet-confirmation-and-token-gate	1	R8b	1	blocking	0	-
assistente-pessoal	2026-08-22T00:26:30Z	0	plan-review	ui-design-pass-phase-3-sheet-confirmation-and-token-gate	1	R8c	1	blocking	0	-
assistente-pessoal	2026-08-22T23:20:00Z	0	plan-review	ui-design-pass-phase-4-device-verification-pass	1	R-COH-ACTION-VALIDATE-CONTRADICTION	1	blocking	0	-
assistente-pessoal	2026-08-22T23:20:00Z	0	plan-review	ui-design-pass-phase-4-device-verification-pass	1	R-COH-FILES-UNTOUCHED	1	blocking	0	-
assistente-pessoal	2026-08-22T23:20:00Z	0	plan-review	ui-design-pass-phase-4-device-verification-pass	1	R-COH-MANDATORY-READING-MISSING	1	advisory	0	-
assistente-pessoal	2026-08-22T23:20:00Z	0	plan-review	ui-design-pass-phase-4-device-verification-pass	1	R-COH-PATTERN-SOURCE-MISSING	1	advisory	0	-
assistente-pessoal	2026-08-22T23:20:00Z	0	plan-review	ui-design-pass-phase-4-device-verification-pass	1	R-COH-TASK-AC-MISSING	1	blocking	0	-
assistente-pessoal	2026-08-22T23:20:00Z	0	plan-review	ui-design-pass-phase-4-device-verification-pass	1	R-COH-VALIDATE-ALWAYS-PASS	1	blocking	0	-
assistente-pessoal	2026-08-22T23:20:00Z	0	plan-review	ui-design-pass-phase-4-device-verification-pass	1	R-COH-VALIDATE-FORBIDDEN-GREP-SCOPE	1	blocking	0	-
assistente-pessoal	2026-08-22T23:20:00Z	0	plan-review	ui-design-pass-phase-4-device-verification-pass	1	R-COH-VALIDATE-FRAMEWORK-MISMATCH	1	blocking	0	-
assistente-pessoal	2026-08-22T23:20:00Z	0	plan-review	ui-design-pass-phase-4-device-verification-pass	1	R-COH-VALIDATE-PATTERN-UNGROUNDED	1	blocking	0	-
assistente-pessoal	2026-08-22T23:20:00Z	0	plan-review	ui-design-pass-phase-4-device-verification-pass	1	R-COH-VALIDATE-SEARCH-AMBIGUOUS	1	blocking	0	-
assistente-pessoal	2026-08-22T23:20:00Z	0	plan-review	ui-design-pass-phase-4-device-verification-pass	1	R1	1	blocking	0	-
assistente-pessoal	2026-08-22T23:20:00Z	0	plan-review	ui-design-pass-phase-4-device-verification-pass	1	R2	1	blocking	0	-
assistente-pessoal	2026-08-22T23:20:00Z	0	plan-review	ui-design-pass-phase-4-device-verification-pass	1	R3	1	blocking	0	-
assistente-pessoal	2026-08-22T23:20:00Z	0	plan-review	ui-design-pass-phase-4-device-verification-pass	1	R4	1	blocking	0	-
assistente-pessoal	2026-08-22T23:20:00Z	0	plan-review	ui-design-pass-phase-4-device-verification-pass	1	R5	1	blocking	0	-
assistente-pessoal	2026-08-22T23:20:00Z	0	plan-review	ui-design-pass-phase-4-device-verification-pass	1	R6	1	blocking	0	-
assistente-pessoal	2026-08-22T23:20:00Z	0	plan-review	ui-design-pass-phase-4-device-verification-pass	1	R7	1	blocking	0	-
assistente-pessoal	2026-08-22T23:20:00Z	0	plan-review	ui-design-pass-phase-4-device-verification-pass	1	R8	1	blocking	0	-
assistente-pessoal	2026-08-22T23:20:00Z	0	plan-review	ui-design-pass-phase-4-device-verification-pass	1	R8a	1	blocking	0	-
assistente-pessoal	2026-08-22T23:20:00Z	0	plan-review	ui-design-pass-phase-4-device-verification-pass	1	R8b	1	blocking	0	-
assistente-pessoal	2026-08-22T23:20:00Z	0	plan-review	ui-design-pass-phase-4-device-verification-pass	1	R8c	1	blocking	0	-
assistente-pessoal	2026-08-26T01:20:00Z	0	test-write-review	google-calendar-read	1	R-AC-COVERAGE	1	blocking	0	-
assistente-pessoal	2026-08-26T01:20:00Z	0	test-write-review	google-calendar-read	1	R-DUPLICATE	1	blocking	0	-
assistente-pessoal	2026-08-26T01:20:00Z	0	test-write-review	google-calendar-read	1	R-IMPL-LEAK	1	blocking	0	-
assistente-pessoal	2026-08-26T01:20:00Z	0	test-write-review	google-calendar-read	1	R-LIFECYCLE-LEGITIMATE	1	blocking	0	-
assistente-pessoal	2026-08-26T01:20:00Z	0	test-write-review	google-calendar-read	1	R-MOCK-ABUSE	1	blocking	0	-
assistente-pessoal	2026-08-26T01:20:00Z	0	test-write-review	google-calendar-read	1	R-RED-LEGITIMATE	1	blocking	0	-
assistente-pessoal	2026-08-26T01:20:00Z	0	test-write-review	google-calendar-read	1	R-TRIVIAL-ASSERT	1	blocking	0	-
assistente-pessoal	2026-08-30T18:56:16Z	0	test-write-review	google-calendar-read	2	R-AC-COVERAGE	1	blocking	0	-
assistente-pessoal	2026-08-30T18:56:16Z	0	test-write-review	google-calendar-read	2	R-DUPLICATE	1	blocking	0	-
assistente-pessoal	2026-08-30T18:56:16Z	0	test-write-review	google-calendar-read	2	R-IMPL-LEAK	1	blocking	0	-
assistente-pessoal	2026-08-30T18:56:16Z	0	test-write-review	google-calendar-read	2	R-LIFECYCLE-LEGITIMATE	1	blocking	0	-
assistente-pessoal	2026-08-30T18:56:16Z	0	test-write-review	google-calendar-read	2	R-MOCK-ABUSE	1	blocking	0	-
assistente-pessoal	2026-08-30T18:56:16Z	0	test-write-review	google-calendar-read	2	R-RED-LEGITIMATE	1	blocking	0	-
assistente-pessoal	2026-08-30T18:56:16Z	0	test-write-review	google-calendar-read	2	R-TRIVIAL-ASSERT	1	blocking	0	-
assistente-pessoal	2026-08-30T20:16:20Z	0	test-write-review	google-calendar-read	3	R-AC-COVERAGE	1	blocking	0	-
assistente-pessoal	2026-08-30T20:16:20Z	0	test-write-review	google-calendar-read	3	R-DUPLICATE	1	blocking	0	-
assistente-pessoal	2026-08-30T20:16:20Z	0	test-write-review	google-calendar-read	3	R-GREEN-LEGITIMATE	1	blocking	0	-
assistente-pessoal	2026-08-30T20:16:20Z	0	test-write-review	google-calendar-read	3	R-IMPL-LEAK	1	blocking	0	-
assistente-pessoal	2026-08-30T20:16:20Z	0	test-write-review	google-calendar-read	3	R-LIFECYCLE-LEGITIMATE	1	blocking	0	-
assistente-pessoal	2026-08-30T20:16:20Z	0	test-write-review	google-calendar-read	3	R-MOCK-ABUSE	1	blocking	0	-
assistente-pessoal	2026-08-30T20:16:20Z	0	test-write-review	google-calendar-read	3	R-TRIVIAL-ASSERT	1	blocking	0	-
assistente-pessoal	2026-08-26T02:55:00Z	0	test-write-review	google-calendar-read-phase-2	1	R-AC-COVERAGE	1	blocking	0	-
assistente-pessoal	2026-08-26T02:55:00Z	0	test-write-review	google-calendar-read-phase-2	1	R-DUPLICATE	1	blocking	0	-
assistente-pessoal	2026-08-26T02:55:00Z	0	test-write-review	google-calendar-read-phase-2	1	R-IMPL-LEAK	1	blocking	0	-
assistente-pessoal	2026-08-26T02:55:00Z	0	test-write-review	google-calendar-read-phase-2	1	R-LIFECYCLE-LEGITIMATE	1	blocking	0	-
assistente-pessoal	2026-08-26T02:55:00Z	0	test-write-review	google-calendar-read-phase-2	1	R-MOCK-ABUSE	1	blocking	0	-
assistente-pessoal	2026-08-26T02:55:00Z	0	test-write-review	google-calendar-read-phase-2	1	R-RED-LEGITIMATE	1	blocking	0	-
assistente-pessoal	2026-08-26T02:55:00Z	0	test-write-review	google-calendar-read-phase-2	1	R-TRIVIAL-ASSERT	0	blocking	0	-
assistente-pessoal	2026-08-26T03:20:00Z	0	test-write-review	google-calendar-read-phase-2	2	R-AC-COVERAGE	1	blocking	0	-
assistente-pessoal	2026-08-26T03:20:00Z	0	test-write-review	google-calendar-read-phase-2	2	R-DUPLICATE	1	blocking	0	-
assistente-pessoal	2026-08-26T03:20:00Z	0	test-write-review	google-calendar-read-phase-2	2	R-IMPL-LEAK	1	blocking	0	-
assistente-pessoal	2026-08-26T03:20:00Z	0	test-write-review	google-calendar-read-phase-2	2	R-LIFECYCLE-LEGITIMATE	1	blocking	0	-
assistente-pessoal	2026-08-26T03:20:00Z	0	test-write-review	google-calendar-read-phase-2	2	R-MOCK-ABUSE	1	blocking	0	-
assistente-pessoal	2026-08-26T03:20:00Z	0	test-write-review	google-calendar-read-phase-2	2	R-RED-LEGITIMATE	1	blocking	0	-
assistente-pessoal	2026-08-26T03:20:00Z	0	test-write-review	google-calendar-read-phase-2	2	R-TRIVIAL-ASSERT	1	blocking	0	-
assistente-pessoal	2026-08-28T17:40:00Z	0	test-write-review	google-calendar-read-phase-3	1	R-AC-COVERAGE	0	blocking	0	-
assistente-pessoal	2026-08-28T17:40:00Z	0	test-write-review	google-calendar-read-phase-3	1	R-DUPLICATE	1	blocking	0	-
assistente-pessoal	2026-08-28T17:40:00Z	0	test-write-review	google-calendar-read-phase-3	1	R-IMPL-LEAK	1	blocking	0	-
assistente-pessoal	2026-08-28T17:40:00Z	0	test-write-review	google-calendar-read-phase-3	1	R-LIFECYCLE-LEGITIMATE	1	blocking	0	-
assistente-pessoal	2026-08-28T17:40:00Z	0	test-write-review	google-calendar-read-phase-3	1	R-MOCK-ABUSE	1	blocking	0	-
assistente-pessoal	2026-08-28T17:40:00Z	0	test-write-review	google-calendar-read-phase-3	1	R-RED-LEGITIMATE	1	blocking	0	-
assistente-pessoal	2026-08-28T17:40:00Z	0	test-write-review	google-calendar-read-phase-3	1	R-TRIVIAL-ASSERT	0	blocking	0	-
assistente-pessoal	2026-08-28T18:30:00Z	0	test-write-review	google-calendar-read-phase-3	2	R-AC-COVERAGE	1	blocking	0	-
assistente-pessoal	2026-08-28T18:30:00Z	0	test-write-review	google-calendar-read-phase-3	2	R-DUPLICATE	1	blocking	0	-
assistente-pessoal	2026-08-28T18:30:00Z	0	test-write-review	google-calendar-read-phase-3	2	R-IMPL-LEAK	1	blocking	0	-
assistente-pessoal	2026-08-28T18:30:00Z	0	test-write-review	google-calendar-read-phase-3	2	R-LIFECYCLE-LEGITIMATE	1	blocking	0	-
assistente-pessoal	2026-08-28T18:30:00Z	0	test-write-review	google-calendar-read-phase-3	2	R-MOCK-ABUSE	1	blocking	0	-
assistente-pessoal	2026-08-28T18:30:00Z	0	test-write-review	google-calendar-read-phase-3	2	R-RED-LEGITIMATE	1	blocking	0	-
assistente-pessoal	2026-08-28T18:30:00Z	0	test-write-review	google-calendar-read-phase-3	2	R-TRIVIAL-ASSERT	1	blocking	0	-
assistente-pessoal	2026-08-28T18:30:00Z	0	test-write-review	google-calendar-read-phase-3	3	R-AC-COVERAGE	1	blocking	0	-
assistente-pessoal	2026-08-28T18:30:00Z	0	test-write-review	google-calendar-read-phase-3	3	R-DUPLICATE	1	blocking	0	-
assistente-pessoal	2026-08-28T18:30:00Z	0	test-write-review	google-calendar-read-phase-3	3	R-IMPL-LEAK	1	blocking	0	-
assistente-pessoal	2026-08-28T18:30:00Z	0	test-write-review	google-calendar-read-phase-3	3	R-LIFECYCLE-LEGITIMATE	1	blocking	0	-
assistente-pessoal	2026-08-28T18:30:00Z	0	test-write-review	google-calendar-read-phase-3	3	R-MOCK-ABUSE	1	blocking	0	-
assistente-pessoal	2026-08-28T18:30:00Z	0	test-write-review	google-calendar-read-phase-3	3	R-RED-LEGITIMATE	1	blocking	0	-
assistente-pessoal	2026-08-28T18:30:00Z	0	test-write-review	google-calendar-read-phase-3	3	R-TRIVIAL-ASSERT	1	blocking	0	-
assistente-pessoal	2026-08-31T18:39:15Z	0	test-write-review	google-calendar-read-phase-3	4	R-AC-COVERAGE	1	blocking	0	-
assistente-pessoal	2026-08-31T18:39:15Z	0	test-write-review	google-calendar-read-phase-3	4	R-DUPLICATE	1	blocking	0	-
assistente-pessoal	2026-08-31T18:39:15Z	0	test-write-review	google-calendar-read-phase-3	4	R-GREEN-LEGITIMATE	1	blocking	0	-
assistente-pessoal	2026-08-31T18:39:15Z	0	test-write-review	google-calendar-read-phase-3	4	R-IMPL-LEAK	1	blocking	0	-
assistente-pessoal	2026-08-31T18:39:15Z	0	test-write-review	google-calendar-read-phase-3	4	R-LIFECYCLE-LEGITIMATE	1	blocking	0	-
assistente-pessoal	2026-08-31T18:39:15Z	0	test-write-review	google-calendar-read-phase-3	4	R-MOCK-ABUSE	1	blocking	0	-
assistente-pessoal	2026-08-31T18:39:15Z	0	test-write-review	google-calendar-read-phase-3	4	R-TRIVIAL-ASSERT	1	blocking	0	-
assistente-pessoal	2026-08-05T03:20:16Z	0	test-write-review	install-and-quick-capture	1	R-AC-COVERAGE	1	blocking	0	-
assistente-pessoal	2026-08-05T03:20:16Z	0	test-write-review	install-and-quick-capture	1	R-DUPLICATE	1	blocking	0	-
assistente-pessoal	2026-08-05T03:20:16Z	0	test-write-review	install-and-quick-capture	1	R-IMPL-LEAK	1	blocking	0	-
assistente-pessoal	2026-08-05T03:20:16Z	0	test-write-review	install-and-quick-capture	1	R-LIFECYCLE-LEGITIMATE	1	blocking	0	-
assistente-pessoal	2026-08-05T03:20:16Z	0	test-write-review	install-and-quick-capture	1	R-MOCK-ABUSE	1	blocking	0	-
assistente-pessoal	2026-08-05T03:20:16Z	0	test-write-review	install-and-quick-capture	1	R-RED-LEGITIMATE	1	blocking	0	-
assistente-pessoal	2026-08-05T03:20:16Z	0	test-write-review	install-and-quick-capture	1	R-TRIVIAL-ASSERT	1	blocking	0	-
assistente-pessoal	2026-08-05T04:30:33Z	0	test-write-review	install-and-quick-capture	2	R-AC-COVERAGE	1	blocking	0	-
assistente-pessoal	2026-08-05T04:30:33Z	0	test-write-review	install-and-quick-capture	2	R-DUPLICATE	1	blocking	0	-
assistente-pessoal	2026-08-05T04:30:33Z	0	test-write-review	install-and-quick-capture	2	R-IMPL-LEAK	1	blocking	0	-
assistente-pessoal	2026-08-05T04:30:33Z	0	test-write-review	install-and-quick-capture	2	R-LIFECYCLE-LEGITIMATE	1	blocking	0	-
assistente-pessoal	2026-08-05T04:30:33Z	0	test-write-review	install-and-quick-capture	2	R-MOCK-ABUSE	1	blocking	0	-
assistente-pessoal	2026-08-05T04:30:33Z	0	test-write-review	install-and-quick-capture	2	R-RED-LEGITIMATE	1	blocking	0	-
assistente-pessoal	2026-08-05T04:30:33Z	0	test-write-review	install-and-quick-capture	2	R-TRIVIAL-ASSERT	1	blocking	0	-
assistente-pessoal	2026-08-05T14:43:29Z	0	test-write-review	install-and-quick-capture	3	R-AC-COVERAGE	1	blocking	0	-
assistente-pessoal	2026-08-05T14:43:29Z	0	test-write-review	install-and-quick-capture	3	R-DUPLICATE	1	blocking	0	-
assistente-pessoal	2026-08-05T14:43:29Z	0	test-write-review	install-and-quick-capture	3	R-IMPL-LEAK	1	blocking	0	-
assistente-pessoal	2026-08-05T14:43:29Z	0	test-write-review	install-and-quick-capture	3	R-LIFECYCLE-LEGITIMATE	1	blocking	0	-
assistente-pessoal	2026-08-05T14:43:29Z	0	test-write-review	install-and-quick-capture	3	R-MOCK-ABUSE	1	blocking	0	-
assistente-pessoal	2026-08-05T14:43:29Z	0	test-write-review	install-and-quick-capture	3	R-RED-LEGITIMATE	1	blocking	0	-
assistente-pessoal	2026-08-05T14:43:29Z	0	test-write-review	install-and-quick-capture	3	R-TRIVIAL-ASSERT	1	blocking	0	-
assistente-pessoal	2026-08-11T14:26:02Z	0	test-write-review	install-and-quick-capture	4	R-AC-COVERAGE	1	blocking	0	-
assistente-pessoal	2026-08-11T14:26:02Z	0	test-write-review	install-and-quick-capture	4	R-DUPLICATE	1	blocking	0	-
assistente-pessoal	2026-08-11T14:26:02Z	0	test-write-review	install-and-quick-capture	4	R-IMPL-LEAK	1	blocking	0	-
assistente-pessoal	2026-08-11T14:26:02Z	0	test-write-review	install-and-quick-capture	4	R-LIFECYCLE-LEGITIMATE	1	blocking	0	-
assistente-pessoal	2026-08-11T14:26:02Z	0	test-write-review	install-and-quick-capture	4	R-MOCK-ABUSE	1	blocking	0	-
assistente-pessoal	2026-08-11T14:26:02Z	0	test-write-review	install-and-quick-capture	4	R-RED-LEGITIMATE	1	blocking	0	-
assistente-pessoal	2026-08-11T14:26:02Z	0	test-write-review	install-and-quick-capture	4	R-TRIVIAL-ASSERT	1	blocking	0	-
assistente-pessoal	2026-08-15T21:50:00Z	0	test-write-review	task-detail-and-dates-phase-1-priority-as-a-domain-enum	1	R-AC-COVERAGE	1	blocking	0	-
assistente-pessoal	2026-08-15T21:50:00Z	0	test-write-review	task-detail-and-dates-phase-1-priority-as-a-domain-enum	1	R-DUPLICATE	1	blocking	0	-
assistente-pessoal	2026-08-15T21:50:00Z	0	test-write-review	task-detail-and-dates-phase-1-priority-as-a-domain-enum	1	R-IMPL-LEAK	1	blocking	0	-
assistente-pessoal	2026-08-15T21:50:00Z	0	test-write-review	task-detail-and-dates-phase-1-priority-as-a-domain-enum	1	R-LIFECYCLE-LEGITIMATE	1	blocking	0	-
assistente-pessoal	2026-08-15T21:50:00Z	0	test-write-review	task-detail-and-dates-phase-1-priority-as-a-domain-enum	1	R-MOCK-ABUSE	1	blocking	0	-
assistente-pessoal	2026-08-15T21:50:00Z	0	test-write-review	task-detail-and-dates-phase-1-priority-as-a-domain-enum	1	R-RED-LEGITIMATE	1	blocking	0	-
assistente-pessoal	2026-08-15T21:50:00Z	0	test-write-review	task-detail-and-dates-phase-1-priority-as-a-domain-enum	1	R-TRIVIAL-ASSERT	1	blocking	0	-
assistente-pessoal	2026-08-15T22:06:00Z	0	test-write-review	task-detail-and-dates-phase-2-task-update-route	1	R-AC-COVERAGE	1	blocking	0	-
assistente-pessoal	2026-08-15T22:06:00Z	0	test-write-review	task-detail-and-dates-phase-2-task-update-route	1	R-DUPLICATE	1	blocking	0	-
assistente-pessoal	2026-08-15T22:06:00Z	0	test-write-review	task-detail-and-dates-phase-2-task-update-route	1	R-IMPL-LEAK	1	blocking	0	-
assistente-pessoal	2026-08-15T22:06:00Z	0	test-write-review	task-detail-and-dates-phase-2-task-update-route	1	R-LIFECYCLE-LEGITIMATE	1	blocking	0	-
assistente-pessoal	2026-08-15T22:06:00Z	0	test-write-review	task-detail-and-dates-phase-2-task-update-route	1	R-MOCK-ABUSE	1	blocking	0	-
assistente-pessoal	2026-08-15T22:06:00Z	0	test-write-review	task-detail-and-dates-phase-2-task-update-route	1	R-RED-LEGITIMATE	1	blocking	0	-
assistente-pessoal	2026-08-15T22:06:00Z	0	test-write-review	task-detail-and-dates-phase-2-task-update-route	1	R-TRIVIAL-ASSERT	1	blocking	0	-
assistente-pessoal	2026-08-15T22:22:00Z	0	test-write-review	task-detail-and-dates-phase-3-frozen-read-contract	1	R-AC-COVERAGE	1	blocking	0	-
assistente-pessoal	2026-08-15T22:22:00Z	0	test-write-review	task-detail-and-dates-phase-3-frozen-read-contract	1	R-DUPLICATE	1	blocking	0	-
assistente-pessoal	2026-08-15T22:22:00Z	0	test-write-review	task-detail-and-dates-phase-3-frozen-read-contract	1	R-IMPL-LEAK	1	blocking	0	-
assistente-pessoal	2026-08-15T22:22:00Z	0	test-write-review	task-detail-and-dates-phase-3-frozen-read-contract	1	R-LIFECYCLE-LEGITIMATE	1	blocking	0	-
assistente-pessoal	2026-08-15T22:22:00Z	0	test-write-review	task-detail-and-dates-phase-3-frozen-read-contract	1	R-MOCK-ABUSE	1	blocking	0	-
assistente-pessoal	2026-08-15T22:22:00Z	0	test-write-review	task-detail-and-dates-phase-3-frozen-read-contract	1	R-RED-LEGITIMATE	1	blocking	0	-
assistente-pessoal	2026-08-15T22:22:00Z	0	test-write-review	task-detail-and-dates-phase-3-frozen-read-contract	1	R-TRIVIAL-ASSERT	1	blocking	0	-
assistente-pessoal	2026-08-15T22:40:00Z	0	test-write-review	task-detail-and-dates-phase-4-detail-screen-and-inline-title-edit	1	R-AC-COVERAGE	1	blocking	0	-
assistente-pessoal	2026-08-15T22:40:00Z	0	test-write-review	task-detail-and-dates-phase-4-detail-screen-and-inline-title-edit	1	R-DUPLICATE	1	blocking	0	-
assistente-pessoal	2026-08-15T22:40:00Z	0	test-write-review	task-detail-and-dates-phase-4-detail-screen-and-inline-title-edit	1	R-IMPL-LEAK	1	blocking	0	-
assistente-pessoal	2026-08-15T22:40:00Z	0	test-write-review	task-detail-and-dates-phase-4-detail-screen-and-inline-title-edit	1	R-LIFECYCLE-LEGITIMATE	1	blocking	0	-
assistente-pessoal	2026-08-15T22:40:00Z	0	test-write-review	task-detail-and-dates-phase-4-detail-screen-and-inline-title-edit	1	R-MOCK-ABUSE	1	blocking	0	-
assistente-pessoal	2026-08-15T22:40:00Z	0	test-write-review	task-detail-and-dates-phase-4-detail-screen-and-inline-title-edit	1	R-RED-LEGITIMATE	1	blocking	0	-
assistente-pessoal	2026-08-15T22:40:00Z	0	test-write-review	task-detail-and-dates-phase-4-detail-screen-and-inline-title-edit	1	R-TRIVIAL-ASSERT	1	blocking	0	-
assistente-pessoal	2026-08-23T16:44:00Z	0	test-write-review	today-view-and-filters-phase-1-list-filters-on-the-api	1	R-AC-COVERAGE	1	blocking	0	-
assistente-pessoal	2026-08-23T16:44:00Z	0	test-write-review	today-view-and-filters-phase-1-list-filters-on-the-api	1	R-DUPLICATE	0	blocking	0	-
assistente-pessoal	2026-08-23T16:44:00Z	0	test-write-review	today-view-and-filters-phase-1-list-filters-on-the-api	1	R-IMPL-LEAK	1	blocking	0	-
assistente-pessoal	2026-08-23T16:44:00Z	0	test-write-review	today-view-and-filters-phase-1-list-filters-on-the-api	1	R-LIFECYCLE-LEGITIMATE	1	blocking	0	-
assistente-pessoal	2026-08-23T16:44:00Z	0	test-write-review	today-view-and-filters-phase-1-list-filters-on-the-api	1	R-MOCK-ABUSE	1	blocking	0	-
assistente-pessoal	2026-08-23T16:44:00Z	0	test-write-review	today-view-and-filters-phase-1-list-filters-on-the-api	1	R-RED-LEGITIMATE	1	blocking	0	-
assistente-pessoal	2026-08-23T16:44:00Z	0	test-write-review	today-view-and-filters-phase-1-list-filters-on-the-api	1	R-TRIVIAL-ASSERT	1	blocking	0	-
assistente-pessoal	2026-08-23T17:05:00Z	0	test-write-review	today-view-and-filters-phase-1-list-filters-on-the-api	2	R-AC-COVERAGE	1	blocking	0	-
assistente-pessoal	2026-08-23T17:05:00Z	0	test-write-review	today-view-and-filters-phase-1-list-filters-on-the-api	2	R-DUPLICATE	1	blocking	0	-
assistente-pessoal	2026-08-23T17:05:00Z	0	test-write-review	today-view-and-filters-phase-1-list-filters-on-the-api	2	R-IMPL-LEAK	1	blocking	0	-
assistente-pessoal	2026-08-23T17:05:00Z	0	test-write-review	today-view-and-filters-phase-1-list-filters-on-the-api	2	R-LIFECYCLE-LEGITIMATE	1	blocking	0	-
assistente-pessoal	2026-08-23T17:05:00Z	0	test-write-review	today-view-and-filters-phase-1-list-filters-on-the-api	2	R-MOCK-ABUSE	1	blocking	0	-
assistente-pessoal	2026-08-23T17:05:00Z	0	test-write-review	today-view-and-filters-phase-1-list-filters-on-the-api	2	R-RED-LEGITIMATE	1	blocking	0	-
assistente-pessoal	2026-08-23T17:05:00Z	0	test-write-review	today-view-and-filters-phase-1-list-filters-on-the-api	2	R-TRIVIAL-ASSERT	1	blocking	0	-
assistente-pessoal	2026-08-23T18:50:00Z	0	test-write-review	today-view-and-filters-phase-2-grouping-and-the-grouped-list	1	R-AC-COVERAGE	1	blocking	0	-
assistente-pessoal	2026-08-23T18:50:00Z	0	test-write-review	today-view-and-filters-phase-2-grouping-and-the-grouped-list	1	R-DUPLICATE	1	blocking	0	-
assistente-pessoal	2026-08-23T18:50:00Z	0	test-write-review	today-view-and-filters-phase-2-grouping-and-the-grouped-list	1	R-IMPL-LEAK	1	blocking	0	-
assistente-pessoal	2026-08-23T18:50:00Z	0	test-write-review	today-view-and-filters-phase-2-grouping-and-the-grouped-list	1	R-LIFECYCLE-LEGITIMATE	1	blocking	0	-
assistente-pessoal	2026-08-23T18:50:00Z	0	test-write-review	today-view-and-filters-phase-2-grouping-and-the-grouped-list	1	R-MOCK-ABUSE	1	blocking	0	-
assistente-pessoal	2026-08-23T18:50:00Z	0	test-write-review	today-view-and-filters-phase-2-grouping-and-the-grouped-list	1	R-RED-LEGITIMATE	0	blocking	0	-
assistente-pessoal	2026-08-23T18:50:00Z	0	test-write-review	today-view-and-filters-phase-2-grouping-and-the-grouped-list	1	R-TRIVIAL-ASSERT	1	blocking	0	-
assistente-pessoal	2026-08-23T19:10:00Z	0	test-write-review	today-view-and-filters-phase-2-grouping-and-the-grouped-list	2	R-AC-COVERAGE	1	blocking	0	-
assistente-pessoal	2026-08-23T19:10:00Z	0	test-write-review	today-view-and-filters-phase-2-grouping-and-the-grouped-list	2	R-DUPLICATE	1	blocking	0	-
assistente-pessoal	2026-08-23T19:10:00Z	0	test-write-review	today-view-and-filters-phase-2-grouping-and-the-grouped-list	2	R-IMPL-LEAK	1	blocking	0	-
assistente-pessoal	2026-08-23T19:10:00Z	0	test-write-review	today-view-and-filters-phase-2-grouping-and-the-grouped-list	2	R-LIFECYCLE-LEGITIMATE	1	blocking	0	-
assistente-pessoal	2026-08-23T19:10:00Z	0	test-write-review	today-view-and-filters-phase-2-grouping-and-the-grouped-list	2	R-MOCK-ABUSE	1	blocking	0	-
assistente-pessoal	2026-08-23T19:10:00Z	0	test-write-review	today-view-and-filters-phase-2-grouping-and-the-grouped-list	2	R-RED-LEGITIMATE	1	blocking	0	-
assistente-pessoal	2026-08-23T19:10:00Z	0	test-write-review	today-view-and-filters-phase-2-grouping-and-the-grouped-list	2	R-TRIVIAL-ASSERT	1	blocking	0	-
assistente-pessoal	2026-08-24T12:30:00Z	0	test-write-review	today-view-and-filters-phase-3-quick-filters-and-the-filter-sheet	1	R-AC-COVERAGE	1	blocking	0	-
assistente-pessoal	2026-08-24T12:30:00Z	0	test-write-review	today-view-and-filters-phase-3-quick-filters-and-the-filter-sheet	1	R-DUPLICATE	1	blocking	0	-
assistente-pessoal	2026-08-24T12:30:00Z	0	test-write-review	today-view-and-filters-phase-3-quick-filters-and-the-filter-sheet	1	R-IMPL-LEAK	1	blocking	0	-
assistente-pessoal	2026-08-24T12:30:00Z	0	test-write-review	today-view-and-filters-phase-3-quick-filters-and-the-filter-sheet	1	R-LIFECYCLE-LEGITIMATE	1	blocking	0	-
assistente-pessoal	2026-08-24T12:30:00Z	0	test-write-review	today-view-and-filters-phase-3-quick-filters-and-the-filter-sheet	1	R-MOCK-ABUSE	1	blocking	0	-
assistente-pessoal	2026-08-24T12:30:00Z	0	test-write-review	today-view-and-filters-phase-3-quick-filters-and-the-filter-sheet	1	R-RED-LEGITIMATE	1	blocking	0	-
assistente-pessoal	2026-08-24T12:30:00Z	0	test-write-review	today-view-and-filters-phase-3-quick-filters-and-the-filter-sheet	1	R-TRIVIAL-ASSERT	1	blocking	0	-
assistente-pessoal	2026-08-21T20:25:10Z	0	test-write-review	ui-design-pass-phase-1-chrome-fonts-and-foundation	1	R-AC-COVERAGE	1	blocking	0	-
assistente-pessoal	2026-08-21T20:25:10Z	0	test-write-review	ui-design-pass-phase-1-chrome-fonts-and-foundation	1	R-DUPLICATE	1	blocking	0	-
assistente-pessoal	2026-08-21T20:25:10Z	0	test-write-review	ui-design-pass-phase-1-chrome-fonts-and-foundation	1	R-IMPL-LEAK	1	blocking	0	-
assistente-pessoal	2026-08-21T20:25:10Z	0	test-write-review	ui-design-pass-phase-1-chrome-fonts-and-foundation	1	R-LIFECYCLE-LEGITIMATE	1	blocking	0	-
assistente-pessoal	2026-08-21T20:25:10Z	0	test-write-review	ui-design-pass-phase-1-chrome-fonts-and-foundation	1	R-MOCK-ABUSE	1	blocking	0	-
assistente-pessoal	2026-08-21T20:25:10Z	0	test-write-review	ui-design-pass-phase-1-chrome-fonts-and-foundation	1	R-RED-LEGITIMATE	1	blocking	0	-
assistente-pessoal	2026-08-21T20:25:10Z	0	test-write-review	ui-design-pass-phase-1-chrome-fonts-and-foundation	1	R-TRIVIAL-ASSERT	1	blocking	0	-
assistente-pessoal	2026-08-21T22:09:30Z	0	test-write-review	ui-design-pass-phase-2-today-screen	1	R-AC-COVERAGE	1	blocking	0	-
assistente-pessoal	2026-08-21T22:09:30Z	0	test-write-review	ui-design-pass-phase-2-today-screen	1	R-DUPLICATE	1	blocking	0	-
assistente-pessoal	2026-08-21T22:09:30Z	0	test-write-review	ui-design-pass-phase-2-today-screen	1	R-IMPL-LEAK	1	blocking	0	-
assistente-pessoal	2026-08-21T22:09:30Z	0	test-write-review	ui-design-pass-phase-2-today-screen	1	R-LIFECYCLE-LEGITIMATE	1	blocking	0	-
assistente-pessoal	2026-08-21T22:09:30Z	0	test-write-review	ui-design-pass-phase-2-today-screen	1	R-MOCK-ABUSE	1	blocking	0	-
assistente-pessoal	2026-08-21T22:09:30Z	0	test-write-review	ui-design-pass-phase-2-today-screen	1	R-RED-LEGITIMATE	1	blocking	0	-
assistente-pessoal	2026-08-21T22:09:30Z	0	test-write-review	ui-design-pass-phase-2-today-screen	1	R-TRIVIAL-ASSERT	1	blocking	0	-
assistente-pessoal	2026-08-22T00:29:00Z	0	test-write-review	ui-design-pass-phase-3-sheet-confirmation-and-token-gate	1	R-AC-COVERAGE	1	blocking	0	-
assistente-pessoal	2026-08-22T00:29:00Z	0	test-write-review	ui-design-pass-phase-3-sheet-confirmation-and-token-gate	1	R-DUPLICATE	1	blocking	0	-
assistente-pessoal	2026-08-22T00:29:00Z	0	test-write-review	ui-design-pass-phase-3-sheet-confirmation-and-token-gate	1	R-IMPL-LEAK	1	blocking	0	-
assistente-pessoal	2026-08-22T00:29:00Z	0	test-write-review	ui-design-pass-phase-3-sheet-confirmation-and-token-gate	1	R-LIFECYCLE-LEGITIMATE	1	blocking	0	-
assistente-pessoal	2026-08-22T00:29:00Z	0	test-write-review	ui-design-pass-phase-3-sheet-confirmation-and-token-gate	1	R-MOCK-ABUSE	1	blocking	0	-
assistente-pessoal	2026-08-22T00:29:00Z	0	test-write-review	ui-design-pass-phase-3-sheet-confirmation-and-token-gate	1	R-RED-LEGITIMATE	1	blocking	0	-
assistente-pessoal	2026-08-22T00:29:00Z	0	test-write-review	ui-design-pass-phase-3-sheet-confirmation-and-token-gate	1	R-TRIVIAL-ASSERT	1	blocking	0	-
assistente-pessoal	2026-08-22T23:22:00Z	0	test-write-review	ui-design-pass-phase-4-device-verification-pass	1	R-AC-COVERAGE	1	blocking	0	-
assistente-pessoal	2026-08-22T23:22:00Z	0	test-write-review	ui-design-pass-phase-4-device-verification-pass	1	R-DUPLICATE	1	blocking	0	-
assistente-pessoal	2026-08-22T23:22:00Z	0	test-write-review	ui-design-pass-phase-4-device-verification-pass	1	R-IMPL-LEAK	1	blocking	0	-
assistente-pessoal	2026-08-22T23:22:00Z	0	test-write-review	ui-design-pass-phase-4-device-verification-pass	1	R-LIFECYCLE-LEGITIMATE	1	blocking	0	-
assistente-pessoal	2026-08-22T23:22:00Z	0	test-write-review	ui-design-pass-phase-4-device-verification-pass	1	R-MOCK-ABUSE	1	blocking	0	-
assistente-pessoal	2026-08-22T23:22:00Z	0	test-write-review	ui-design-pass-phase-4-device-verification-pass	1	R-RED-LEGITIMATE	1	blocking	0	-
assistente-pessoal	2026-08-22T23:22:00Z	0	test-write-review	ui-design-pass-phase-4-device-verification-pass	1	R-TRIVIAL-ASSERT	1	blocking	0	-
